	.text
	.syntax unified
	.eabi_attribute	67, "2.09"	@ Tag_conformance
	.cpu	cortex-m4
	.eabi_attribute	6, 13	@ Tag_CPU_arch
	.eabi_attribute	7, 77	@ Tag_CPU_arch_profile
	.eabi_attribute	8, 0	@ Tag_ARM_ISA_use
	.eabi_attribute	9, 2	@ Tag_THUMB_ISA_use
	.fpu	fpv4-sp-d16
	.eabi_attribute	27, 1	@ Tag_ABI_HardFP_use
	.eabi_attribute	36, 1	@ Tag_FP_HP_extension
	.eabi_attribute	34, 1	@ Tag_CPU_unaligned_access
	.eabi_attribute	17, 1	@ Tag_ABI_PCS_GOT_use
	.eabi_attribute	20, 2	@ Tag_ABI_FP_denormal
	.eabi_attribute	21, 0	@ Tag_ABI_FP_exceptions
	.eabi_attribute	23, 1	@ Tag_ABI_FP_number_model
	.eabi_attribute	24, 1	@ Tag_ABI_align_needed
	.eabi_attribute	25, 1	@ Tag_ABI_align_preserved
	.eabi_attribute	28, 1	@ Tag_ABI_VFP_args
	.eabi_attribute	38, 1	@ Tag_ABI_FP_16bit_format
	.eabi_attribute	18, 4	@ Tag_ABI_PCS_wchar_t
	.eabi_attribute	26, 2	@ Tag_ABI_enum_size
	.eabi_attribute	14, 0	@ Tag_ABI_PCS_R9_use
	.file	"main.c"
	.file	1 "C:\\Users\\justi\\OneDrive\\Desktop\\Uni\\2026 Sem 1\\EEET2096\\Project\\EEET2096-Home-Management-System" "./inc\\stm32f439xx.h"
	.file	2 "C:\\Users\\justi" "AppData\\Local\\Keil_v5\\ARM\\ARMCLANG\\bin\\..\\include\\stdint.h"
	.file	3 "C:\\Users\\justi\\OneDrive\\Desktop\\Uni\\2026 Sem 1\\EEET2096\\Project\\EEET2096-Home-Management-System" "./inc/CMSIS\\core_cm4.h"
	.hidden	RCC_init                        @ -- Begin function RCC_init
	.globl	RCC_init
	.p2align	2
	.type	RCC_init,%function
	.code	16                              @ @RCC_init
	.thumb_func
RCC_init:
.Lfunc_begin0:
	.file	4 "C:\\Users\\justi\\OneDrive\\Desktop\\Uni\\2026 Sem 1\\EEET2096\\Project\\EEET2096-Home-Management-System" "./inc\\main.h"
	.loc	4 23 0                          @ ./inc\main.h:23:0
	.fnstart
	.cfi_sections .debug_frame
	.cfi_startproc
@ %bb.0:
	movw	r1, #14384
	movt	r1, #16386
.Ltmp0:
	.loc	4 26 15 prologue_end            @ ./inc\main.h:26:15
	ldr	r0, [r1]
	orr	r0, r0, #1
	str	r0, [r1]
	.loc	4 27 15                         @ ./inc\main.h:27:15
	ldr	r0, [r1]
	orr	r0, r0, #2
	str	r0, [r1]
	.loc	4 28 15                         @ ./inc\main.h:28:15
	ldr	r0, [r1]
	orr	r0, r0, #32
	str	r0, [r1]
	movw	r1, #14400
	movt	r1, #16386
	.loc	4 31 15                         @ ./inc\main.h:31:15
	ldr	r0, [r1]
	orr	r0, r0, #16
	str	r0, [r1]
	.loc	4 34 15                         @ ./inc\main.h:34:15
	ldr	r0, [r1]
	orr	r0, r0, #262144
	str	r0, [r1]
	movw	r1, #14404
	movt	r1, #16386
	.loc	4 37 15                         @ ./inc\main.h:37:15
	ldr	r0, [r1]
	orr	r0, r0, #1024
	str	r0, [r1]
	movw	r3, #14352
	movt	r3, #16386
	.loc	4 40 16                         @ ./inc\main.h:40:16
	ldr	r0, [r3]
	orr	r0, r0, #1
	str	r0, [r3]
	.loc	4 41 16                         @ ./inc\main.h:41:16
	ldr	r0, [r3]
	orr	r0, r0, #2
	str	r0, [r3]
	.loc	4 42 16                         @ ./inc\main.h:42:16
	ldr	r0, [r3]
	orr	r0, r0, #32
	str	r0, [r3]
	movw	r2, #14368
	movt	r2, #16386
	.loc	4 43 16                         @ ./inc\main.h:43:16
	ldr	r0, [r2]
	orr	r0, r0, #16
	str	r0, [r2]
	.loc	4 44 16                         @ ./inc\main.h:44:16
	ldr	r0, [r2]
	orr	r0, r0, #262144
	str	r0, [r2]
	movw	r1, #14372
	movt	r1, #16386
	.loc	4 45 16                         @ ./inc\main.h:45:16
	ldr	r0, [r1]
	orr	r0, r0, #256
	str	r0, [r1]
	.loc	4 46 2                          @ ./inc\main.h:46:2
	@APP
	nop
	@NO_APP
	.loc	4 47 2                          @ ./inc\main.h:47:2
	@APP
	nop
	@NO_APP
	.loc	4 49 16                         @ ./inc\main.h:49:16
	ldr	r0, [r3]
	bic	r0, r0, #1
	str	r0, [r3]
	.loc	4 50 16                         @ ./inc\main.h:50:16
	ldr	r0, [r3]
	bic	r0, r0, #2
	str	r0, [r3]
	.loc	4 51 16                         @ ./inc\main.h:51:16
	ldr	r0, [r3]
	bic	r0, r0, #32
	str	r0, [r3]
	.loc	4 52 16                         @ ./inc\main.h:52:16
	ldr	r0, [r2]
	bic	r0, r0, #16
	str	r0, [r2]
	.loc	4 53 16                         @ ./inc\main.h:53:16
	ldr	r0, [r2]
	bic	r0, r0, #262144
	str	r0, [r2]
	.loc	4 54 16                         @ ./inc\main.h:54:16
	ldr	r0, [r1]
	bic	r0, r0, #256
	str	r0, [r1]
	.loc	4 55 2                          @ ./inc\main.h:55:2
	@APP
	nop
	@NO_APP
	.loc	4 56 2                          @ ./inc\main.h:56:2
	@APP
	nop
	@NO_APP
	.loc	4 58 1                          @ ./inc\main.h:58:1
	bx	lr
.Ltmp1:
.Lfunc_end0:
	.size	RCC_init, .Lfunc_end0-RCC_init
	.cfi_endproc
	.cantunwind
	.fnend
                                        @ -- End function
	.hidden	LED_GPIO_config                 @ -- Begin function LED_GPIO_config
	.globl	LED_GPIO_config
	.p2align	2
	.type	LED_GPIO_config,%function
	.code	16                              @ @LED_GPIO_config
	.thumb_func
LED_GPIO_config:
.Lfunc_begin1:
	.loc	4 61 0                          @ ./inc\main.h:61:0
	.fnstart
	.cfi_startproc
@ %bb.0:
	movs	r3, #0
	movt	r3, #16386
.Ltmp2:
	.loc	4 64 15 prologue_end            @ ./inc\main.h:64:15
	ldr	r0, [r3]
	bic	r0, r0, #786432
	str	r0, [r3]
	movw	r2, #1024
	movt	r2, #16386
	.loc	4 65 15                         @ ./inc\main.h:65:15
	ldr	r0, [r2]
	bic	r0, r0, #12
	str	r0, [r2]
	.loc	4 66 15                         @ ./inc\main.h:66:15
	ldr	r0, [r2]
	bic	r0, r0, #196608
	str	r0, [r2]
	movw	r1, #5120
	movt	r1, #16386
	.loc	4 67 15                         @ ./inc\main.h:67:15
	ldr	r0, [r1]
	bic	r0, r0, #196608
	str	r0, [r1]
	.loc	4 70 15                         @ ./inc\main.h:70:15
	ldr	r0, [r3]
	orr	r0, r0, #262144
	str	r0, [r3]
	.loc	4 71 15                         @ ./inc\main.h:71:15
	ldr	r0, [r2]
	orr	r0, r0, #4
	str	r0, [r2]
	.loc	4 72 15                         @ ./inc\main.h:72:15
	ldr	r0, [r2]
	orr	r0, r0, #65536
	str	r0, [r2]
	.loc	4 73 15                         @ ./inc\main.h:73:15
	ldr	r0, [r1]
	orr	r0, r0, #65536
	str	r0, [r1]
	movs	r1, #4
	movt	r1, #16386
	.loc	4 76 16                         @ ./inc\main.h:76:16
	ldr	r0, [r1]
	bic	r0, r0, #512
	str	r0, [r1]
	movw	r1, #1028
	movt	r1, #16386
	.loc	4 77 16                         @ ./inc\main.h:77:16
	ldr	r0, [r1]
	bic	r0, r0, #2
	str	r0, [r1]
	.loc	4 78 16                         @ ./inc\main.h:78:16
	ldr	r0, [r1]
	bic	r0, r0, #256
	str	r0, [r1]
	movw	r1, #5124
	movt	r1, #16386
	.loc	4 79 16                         @ ./inc\main.h:79:16
	ldr	r0, [r1]
	bic	r0, r0, #256
	str	r0, [r1]
	movs	r3, #8
	movt	r3, #16386
	.loc	4 82 17                         @ ./inc\main.h:82:17
	ldr	r0, [r3]
	bic	r0, r0, #786432
	str	r0, [r3]
	movw	r2, #1032
	movt	r2, #16386
	.loc	4 83 17                         @ ./inc\main.h:83:17
	ldr	r0, [r2]
	bic	r0, r0, #12
	str	r0, [r2]
	.loc	4 84 17                         @ ./inc\main.h:84:17
	ldr	r0, [r2]
	bic	r0, r0, #196608
	str	r0, [r2]
	movw	r1, #5128
	movt	r1, #16386
	.loc	4 85 17                         @ ./inc\main.h:85:17
	ldr	r0, [r1]
	bic	r0, r0, #196608
	str	r0, [r1]
	.loc	4 87 17                         @ ./inc\main.h:87:17
	ldr	r0, [r3]
	orr	r0, r0, #262144
	str	r0, [r3]
	.loc	4 88 17                         @ ./inc\main.h:88:17
	ldr	r0, [r2]
	orr	r0, r0, #4
	str	r0, [r2]
	.loc	4 89 17                         @ ./inc\main.h:89:17
	ldr	r0, [r2]
	orr	r0, r0, #65536
	str	r0, [r2]
	.loc	4 90 17                         @ ./inc\main.h:90:17
	ldr	r0, [r1]
	orr	r0, r0, #65536
	str	r0, [r1]
	movs	r1, #12
	movt	r1, #16386
	.loc	4 93 15                         @ ./inc\main.h:93:15
	ldr	r0, [r1]
	bic	r0, r0, #786432
	str	r0, [r1]
	movw	r1, #1036
	movt	r1, #16386
	.loc	4 94 15                         @ ./inc\main.h:94:15
	ldr	r0, [r1]
	bic	r0, r0, #12
	str	r0, [r1]
	.loc	4 95 15                         @ ./inc\main.h:95:15
	ldr	r0, [r1]
	bic	r0, r0, #196608
	str	r0, [r1]
	movw	r1, #5132
	movt	r1, #16386
	.loc	4 96 15                         @ ./inc\main.h:96:15
	ldr	r0, [r1]
	bic	r0, r0, #196608
	str	r0, [r1]
	movs	r1, #20
	movt	r1, #16386
	.loc	4 99 13                         @ ./inc\main.h:99:13
	ldr	r0, [r1]
	orr	r0, r0, #512
	str	r0, [r1]
	movw	r1, #1044
	movt	r1, #16386
	.loc	4 100 13                        @ ./inc\main.h:100:13
	ldr	r0, [r1]
	orr	r0, r0, #2
	str	r0, [r1]
	.loc	4 101 13                        @ ./inc\main.h:101:13
	ldr	r0, [r1]
	orr	r0, r0, #256
	str	r0, [r1]
	movw	r1, #5140
	movt	r1, #16386
	.loc	4 102 13                        @ ./inc\main.h:102:13
	ldr	r0, [r1]
	orr	r0, r0, #256
	str	r0, [r1]
	.loc	4 103 1                         @ ./inc\main.h:103:1
	bx	lr
.Ltmp3:
.Lfunc_end1:
	.size	LED_GPIO_config, .Lfunc_end1-LED_GPIO_config
	.cfi_endproc
	.cantunwind
	.fnend
                                        @ -- End function
	.hidden	Input_GPIO_config               @ -- Begin function Input_GPIO_config
	.globl	Input_GPIO_config
	.p2align	2
	.type	Input_GPIO_config,%function
	.code	16                              @ @Input_GPIO_config
	.thumb_func
Input_GPIO_config:
.Lfunc_begin2:
	.loc	4 106 0                         @ ./inc\main.h:106:0
	.fnstart
	.cfi_startproc
@ %bb.0:
	movs	r1, #0
	movt	r1, #16386
.Ltmp4:
	.loc	4 109 15 prologue_end           @ ./inc\main.h:109:15
	ldr	r0, [r1]
	bic	r0, r0, #196608
	str	r0, [r1]
	.loc	4 110 15                        @ ./inc\main.h:110:15
	ldr	r0, [r1]
	bic	r0, r0, #3145728
	str	r0, [r1]
	movw	r1, #1024
	movt	r1, #16386
	.loc	4 111 15                        @ ./inc\main.h:111:15
	ldr	r0, [r1]
	bic	r0, r0, #3
	str	r0, [r1]
	movw	r1, #5120
	movt	r1, #16386
	.loc	4 112 15                        @ ./inc\main.h:112:15
	ldr	r0, [r1]
	bic	r0, r0, #3145728
	str	r0, [r1]
	.loc	4 115 15                        @ ./inc\main.h:115:15
	ldr	r0, [r1]
	orr	r0, r0, #3145728
	str	r0, [r1]
	movs	r1, #4
	movt	r1, #16386
	.loc	4 118 16                        @ ./inc\main.h:118:16
	ldr	r0, [r1]
	bic	r0, r0, #256
	str	r0, [r1]
	.loc	4 119 16                        @ ./inc\main.h:119:16
	ldr	r0, [r1]
	bic	r0, r0, #1024
	str	r0, [r1]
	movw	r1, #1028
	movt	r1, #16386
	.loc	4 120 16                        @ ./inc\main.h:120:16
	ldr	r0, [r1]
	bic	r0, r0, #256
	str	r0, [r1]
	movw	r1, #5124
	movt	r1, #16386
	.loc	4 121 16                        @ ./inc\main.h:121:16
	ldr	r0, [r1]
	bic	r0, r0, #1024
	str	r0, [r1]
	movs	r3, #8
	movt	r3, #16386
	.loc	4 124 17                        @ ./inc\main.h:124:17
	ldr	r0, [r3]
	bic	r0, r0, #196608
	str	r0, [r3]
	.loc	4 125 17                        @ ./inc\main.h:125:17
	ldr	r0, [r3]
	bic	r0, r0, #3145728
	str	r0, [r3]
	movw	r2, #1032
	movt	r2, #16386
	.loc	4 126 17                        @ ./inc\main.h:126:17
	ldr	r0, [r2]
	bic	r0, r0, #3
	str	r0, [r2]
	movw	r1, #5128
	movt	r1, #16386
	.loc	4 127 17                        @ ./inc\main.h:127:17
	ldr	r0, [r1]
	bic	r0, r0, #3145728
	str	r0, [r1]
	.loc	4 129 17                        @ ./inc\main.h:129:17
	ldr	r0, [r3]
	orr	r0, r0, #65536
	str	r0, [r3]
	.loc	4 130 17                        @ ./inc\main.h:130:17
	ldr	r0, [r3]
	orr	r0, r0, #1048576
	str	r0, [r3]
	.loc	4 131 17                        @ ./inc\main.h:131:17
	ldr	r0, [r2]
	orr	r0, r0, #1
	str	r0, [r2]
	.loc	4 132 17                        @ ./inc\main.h:132:17
	ldr	r0, [r1]
	orr	r0, r0, #1048576
	str	r0, [r1]
	movs	r1, #12
	movt	r1, #16386
	.loc	4 135 15                        @ ./inc\main.h:135:15
	ldr	r0, [r1]
	bic	r0, r0, #196608
	str	r0, [r1]
	.loc	4 136 15                        @ ./inc\main.h:136:15
	ldr	r0, [r1]
	bic	r0, r0, #3145728
	str	r0, [r1]
	movw	r1, #1036
	movt	r1, #16386
	.loc	4 137 15                        @ ./inc\main.h:137:15
	ldr	r0, [r1]
	bic	r0, r0, #3
	str	r0, [r1]
	movw	r1, #5132
	movt	r1, #16386
	.loc	4 138 15                        @ ./inc\main.h:138:15
	ldr	r0, [r1]
	bic	r0, r0, #3145728
	str	r0, [r1]
	.loc	4 140 1                         @ ./inc\main.h:140:1
	bx	lr
.Ltmp5:
.Lfunc_end2:
	.size	Input_GPIO_config, .Lfunc_end2-Input_GPIO_config
	.cfi_endproc
	.cantunwind
	.fnend
                                        @ -- End function
	.hidden	ADC_config                      @ -- Begin function ADC_config
	.globl	ADC_config
	.p2align	2
	.type	ADC_config,%function
	.code	16                              @ @ADC_config
	.thumb_func
ADC_config:
.Lfunc_begin3:
	.loc	4 143 0                         @ ./inc\main.h:143:0
	.fnstart
	.cfi_startproc
@ %bb.0:
	movw	r1, #8964
	movt	r1, #16385
.Ltmp6:
	.loc	4 146 21 prologue_end           @ ./inc\main.h:146:21
	ldr	r0, [r1]
	bic	r0, r0, #4194304
	str	r0, [r1]
	.loc	4 149 21                        @ ./inc\main.h:149:21
	ldr	r0, [r1]
	orr	r0, r0, #8585216
	str	r0, [r1]
	movw	r1, #8708
	movt	r1, #16385
	.loc	4 152 12                        @ ./inc\main.h:152:12
	ldr	r0, [r1]
	bic	r0, r0, #256
	str	r0, [r1]
	movw	r1, #8712
	movt	r1, #16385
	.loc	4 155 12                        @ ./inc\main.h:155:12
	ldr	r0, [r1]
	movw	r2, #63485
	movt	r2, #49151
	ands	r0, r2
	str	r0, [r1]
	movw	r2, #8756
	movt	r2, #16385
	.loc	4 158 13                        @ ./inc\main.h:158:13
	ldr	r0, [r2]
	bic	r0, r0, #31
	str	r0, [r2]
	.loc	4 159 13                        @ ./inc\main.h:159:13
	ldr	r0, [r2]
	orr	r0, r0, #8
	str	r0, [r2]
	.loc	4 160 13                        @ ./inc\main.h:160:13
	ldr	r0, [r2]
	bic	r0, r0, #15728640
	str	r0, [r2]
	movw	r2, #8720
	movt	r2, #16385
	.loc	4 163 14                        @ ./inc\main.h:163:14
	ldr	r0, [r2]
	bic	r0, r0, #7
	str	r0, [r2]
	.loc	4 164 14                        @ ./inc\main.h:164:14
	ldr	r0, [r2]
	orr	r0, r0, #3
	str	r0, [r2]
	.loc	4 167 12                        @ ./inc\main.h:167:12
	ldr	r0, [r1]
	orr	r0, r0, #1
	str	r0, [r1]
	.loc	4 168 1                         @ ./inc\main.h:168:1
	bx	lr
.Ltmp7:
.Lfunc_end3:
	.size	ADC_config, .Lfunc_end3-ADC_config
	.cfi_endproc
	.cantunwind
	.fnend
                                        @ -- End function
	.hidden	UART_config                     @ -- Begin function UART_config
	.globl	UART_config
	.p2align	2
	.type	UART_config,%function
	.code	16                              @ @UART_config
	.thumb_func
UART_config:
.Lfunc_begin4:
	.loc	4 172 0                         @ ./inc\main.h:172:0
	.fnstart
	.cfi_startproc
@ %bb.0:
	movw	r1, #1024
	movt	r1, #16386
.Ltmp8:
	.loc	4 174 15 prologue_end           @ ./inc\main.h:174:15
	ldr	r0, [r1]
	bic	r0, r0, #15728640
	str	r0, [r1]
	.loc	4 175 15                        @ ./inc\main.h:175:15
	ldr	r0, [r1]
	orr	r0, r0, #10485760
	str	r0, [r1]
	movw	r1, #1060
	movt	r1, #16386
	.loc	4 178 16                        @ ./inc\main.h:178:16
	ldr	r0, [r1]
	bic	r0, r0, #65280
	str	r0, [r1]
	.loc	4 179 16                        @ ./inc\main.h:179:16
	ldr	r0, [r1]
	orr	r0, r0, #30464
	str	r0, [r1]
	movw	r1, #18444
	movt	r1, #16384
	.loc	4 182 14                        @ ./inc\main.h:182:14
	ldr	r0, [r1]
	bic	r0, r0, #32768
	str	r0, [r1]
	movw	r2, #18440
	movt	r2, #16384
	.loc	4 185 14                        @ ./inc\main.h:185:14
	ldr	r0, [r2]
	movw	r3, #65535
	bics	r0, r3
	str	r0, [r2]
	.loc	4 188 14                        @ ./inc\main.h:188:14
	ldr	r0, [r2]
	movw	r3, #729
	orrs	r0, r3
	str	r0, [r2]
	.loc	4 191 14                        @ ./inc\main.h:191:14
	ldr	r0, [r1]
	bic	r0, r0, #4096
	str	r0, [r1]
	movw	r2, #18448
	movt	r2, #16384
	.loc	4 194 14                        @ ./inc\main.h:194:14
	ldr	r0, [r2]
	bic	r0, r0, #12288
	str	r0, [r2]
	.loc	4 195 14                        @ ./inc\main.h:195:14
	ldr	r0, [r2]
	str	r0, [r2]
	.loc	4 198 14                        @ ./inc\main.h:198:14
	ldr	r0, [r1]
	orr	r0, r0, #1024
	str	r0, [r1]
	.loc	4 201 14                        @ ./inc\main.h:201:14
	ldr	r0, [r1]
	orr	r0, r0, #512
	str	r0, [r1]
	.loc	4 204 14                        @ ./inc\main.h:204:14
	ldr	r0, [r2]
	bic	r0, r0, #3584
	str	r0, [r2]
	movw	r2, #18452
	movt	r2, #16384
	.loc	4 207 14                        @ ./inc\main.h:207:14
	ldr	r0, [r2]
	bic	r0, r0, #768
	str	r0, [r2]
	.loc	4 210 14                        @ ./inc\main.h:210:14
	ldr	r0, [r1]
	movw	r2, #8204
	orrs	r0, r2
	str	r0, [r1]
	.loc	4 212 1                         @ ./inc\main.h:212:1
	bx	lr
.Ltmp9:
.Lfunc_end4:
	.size	UART_config, .Lfunc_end4-UART_config
	.cfi_endproc
	.cantunwind
	.fnend
                                        @ -- End function
	.hidden	timer6_config                   @ -- Begin function timer6_config
	.globl	timer6_config
	.p2align	2
	.type	timer6_config,%function
	.code	16                              @ @timer6_config
	.thumb_func
timer6_config:
.Lfunc_begin5:
	.loc	4 215 0                         @ ./inc\main.h:215:0
	.fnstart
	.cfi_startproc
@ %bb.0:
	movw	r1, #4096
	movt	r1, #16384
.Ltmp10:
	.loc	4 217 12 prologue_end           @ ./inc\main.h:217:12
	ldr	r0, [r1]
	bic	r0, r0, #1
	str	r0, [r1]
	movw	r1, #4136
	movt	r1, #16384
	.loc	4 219 12                        @ ./inc\main.h:219:12
	ldr	r0, [r1]
	movw	r2, #65535
	bics	r0, r2
	str	r0, [r1]
	.loc	4 221 12                        @ ./inc\main.h:221:12
	ldr	r0, [r1]
	movw	r2, #2559
	orrs	r0, r2
	str	r0, [r1]
	movw	r1, #4140
	movt	r1, #16384
	.loc	4 223 12                        @ ./inc\main.h:223:12
	ldr	r0, [r1]
	movs	r0, #0
	str	r0, [r1]
	.loc	4 225 12                        @ ./inc\main.h:225:12
	ldr	r0, [r1]
	orr	r0, r0, #33
	str	r0, [r1]
	movw	r1, #4108
	movt	r1, #16384
	.loc	4 227 13                        @ ./inc\main.h:227:13
	ldr	r0, [r1]
	orr	r0, r0, #1
	str	r0, [r1]
	.loc	4 229 1                         @ ./inc\main.h:229:1
	bx	lr
.Ltmp11:
.Lfunc_end5:
	.size	timer6_config, .Lfunc_end5-timer6_config
	.cfi_endproc
	.cantunwind
	.fnend
                                        @ -- End function
	.hidden	main                            @ -- Begin function main
	.globl	main
	.p2align	2
	.type	main,%function
	.code	16                              @ @main
	.thumb_func
main:
.Lfunc_begin6:
	.file	5 "C:\\Users\\justi\\OneDrive\\Desktop\\Uni\\2026 Sem 1\\EEET2096\\Project\\EEET2096-Home-Management-System" "src/main.c"
	.loc	5 24 0                          @ src/main.c:24:0
	.fnstart
	.cfi_startproc
@ %bb.0:
	.save	{r7, lr}
	push	{r7, lr}
	.cfi_def_cfa_offset 8
	.cfi_offset lr, -4
	.cfi_offset r7, -8
	.pad	#8
	sub	sp, #8
	.cfi_def_cfa_offset 16
	movs	r0, #0
	str	r0, [sp, #4]
.Ltmp12:
	.loc	5 26 2 prologue_end             @ src/main.c:26:2
	bl	boardSupport_init
	.loc	5 28 2                          @ src/main.c:28:2
	bl	RCC_init
	.loc	5 29 2                          @ src/main.c:29:2
	bl	LED_GPIO_config
	.loc	5 30 2                          @ src/main.c:30:2
	bl	Input_GPIO_config
	.loc	5 31 2                          @ src/main.c:31:2
	bl	ADC_config
	.loc	5 32 2                          @ src/main.c:32:2
	bl	UART_config
.Ltmp13:
	.file	6 "C:\\Users\\justi\\OneDrive\\Desktop\\Uni\\2026 Sem 1\\EEET2096\\Project\\EEET2096-Home-Management-System" "./inc/CMSIS\\cmsis_armclang.h"
	.loc	6 752 3                         @ ./inc/CMSIS\cmsis_armclang.h:752:3
	@APP
	cpsid i
	@NO_APP
.Ltmp14:
	.loc	5 36 2                          @ src/main.c:36:2
	bl	timer6_config
	movs	r0, #54
	str	r0, [sp]                        @ 4-byte Spill
	movs	r1, #2
	.loc	5 37 2                          @ src/main.c:37:2
	bl	__NVIC_SetPriority
	ldr	r0, [sp]                        @ 4-byte Reload
	.loc	5 38 2                          @ src/main.c:38:2
	bl	__NVIC_EnableIRQ
.Ltmp15:
	.loc	6 739 3                         @ ./inc/CMSIS\cmsis_armclang.h:739:3
	@APP
	cpsie i
	@NO_APP
	movw	r1, #4096
	movt	r1, #16384
.Ltmp16:
	.loc	5 40 12                         @ src/main.c:40:12
	ldr	r0, [r1]
	orr	r0, r0, #1
	str	r0, [r1]
	.loc	5 43 3                          @ src/main.c:43:3
	b	.LBB6_1
.LBB6_1:                                @ =>This Inner Loop Header: Depth=1
	b	.LBB6_1
.Ltmp17:
.Lfunc_end6:
	.size	main, .Lfunc_end6-main
	.cfi_endproc
	.cantunwind
	.fnend
                                        @ -- End function
	.p2align	2                               @ -- Begin function __NVIC_SetPriority
	.type	__NVIC_SetPriority,%function
	.code	16                              @ @__NVIC_SetPriority
	.thumb_func
__NVIC_SetPriority:
.Lfunc_begin7:
	.loc	3 1815 0                        @ ./inc/CMSIS\core_cm4.h:1815:0
	.fnstart
	.cfi_startproc
@ %bb.0:
	.pad	#8
	sub	sp, #8
	.cfi_def_cfa_offset 8
	str	r0, [sp, #4]
	str	r1, [sp]
.Ltmp18:
	.loc	3 1816 17 prologue_end          @ ./inc/CMSIS\core_cm4.h:1816:17
	ldr	r0, [sp, #4]
.Ltmp19:
	.loc	3 1816 7 is_stmt 0              @ ./inc/CMSIS\core_cm4.h:1816:7
	cmp	r0, #0
	bmi	.LBB7_2
	b	.LBB7_1
.LBB7_1:
.Ltmp20:
	.loc	3 1818 59 is_stmt 1             @ ./inc/CMSIS\core_cm4.h:1818:59
	ldr	r0, [sp]
	.loc	3 1818 68 is_stmt 0             @ ./inc/CMSIS\core_cm4.h:1818:68
	lsls	r0, r0, #4
	.loc	3 1818 25                       @ ./inc/CMSIS\core_cm4.h:1818:25
	ldr	r1, [sp, #4]
	movw	r2, #58368
	movt	r2, #57344
	.loc	3 1818 46                       @ ./inc/CMSIS\core_cm4.h:1818:46
	strb	r0, [r1, r2]
	.loc	3 1819 3 is_stmt 1              @ ./inc/CMSIS\core_cm4.h:1819:3
	b	.LBB7_3
.Ltmp21:
.LBB7_2:
	.loc	3 1822 59                       @ ./inc/CMSIS\core_cm4.h:1822:59
	ldr	r0, [sp]
	.loc	3 1822 68 is_stmt 0             @ ./inc/CMSIS\core_cm4.h:1822:68
	lsls	r0, r0, #4
	.loc	3 1822 26                       @ ./inc/CMSIS\core_cm4.h:1822:26
	ldr	r1, [sp, #4]
	.loc	3 1822 32                       @ ./inc/CMSIS\core_cm4.h:1822:32
	and	r1, r1, #15
	movw	r2, #60692
	movt	r2, #57344
	.loc	3 1822 46                       @ ./inc/CMSIS\core_cm4.h:1822:46
	strb	r0, [r1, r2]
	b	.LBB7_3
.Ltmp22:
.LBB7_3:
	.loc	3 1824 1 epilogue_begin is_stmt 1 @ ./inc/CMSIS\core_cm4.h:1824:1
	add	sp, #8
	bx	lr
.Ltmp23:
.Lfunc_end7:
	.size	__NVIC_SetPriority, .Lfunc_end7-__NVIC_SetPriority
	.cfi_endproc
	.cantunwind
	.fnend
                                        @ -- End function
	.p2align	2                               @ -- Begin function __NVIC_EnableIRQ
	.type	__NVIC_EnableIRQ,%function
	.code	16                              @ @__NVIC_EnableIRQ
	.thumb_func
__NVIC_EnableIRQ:
.Lfunc_begin8:
	.loc	3 1685 0                        @ ./inc/CMSIS\core_cm4.h:1685:0
	.fnstart
	.cfi_startproc
@ %bb.0:
	.pad	#4
	sub	sp, #4
	.cfi_def_cfa_offset 4
	str	r0, [sp]
.Ltmp24:
	.loc	3 1686 17 prologue_end          @ ./inc/CMSIS\core_cm4.h:1686:17
	ldr	r0, [sp]
.Ltmp25:
	.loc	3 1686 7 is_stmt 0              @ ./inc/CMSIS\core_cm4.h:1686:7
	cmp	r0, #0
	bmi	.LBB8_2
	b	.LBB8_1
.LBB8_1:
.Ltmp26:
	.loc	3 1688 5 is_stmt 1              @ ./inc/CMSIS\core_cm4.h:1688:5
	@APP
	@NO_APP
	.loc	3 1689 75                       @ ./inc/CMSIS\core_cm4.h:1689:75
	ldr	r1, [sp]
	.loc	3 1689 81 is_stmt 0             @ ./inc/CMSIS\core_cm4.h:1689:81
	and	r2, r1, #31
	movs	r0, #1
	.loc	3 1689 60                       @ ./inc/CMSIS\core_cm4.h:1689:60
	lsls	r0, r2
	.loc	3 1689 5                        @ ./inc/CMSIS\core_cm4.h:1689:5
	lsrs	r2, r1, #5
	movw	r1, #57600
	movt	r1, #57344
	.loc	3 1689 43                       @ ./inc/CMSIS\core_cm4.h:1689:43
	str.w	r0, [r1, r2, lsl #2]
	.loc	3 1690 5 is_stmt 1              @ ./inc/CMSIS\core_cm4.h:1690:5
	@APP
	@NO_APP
	.loc	3 1691 3                        @ ./inc/CMSIS\core_cm4.h:1691:3
	b	.LBB8_2
.Ltmp27:
.LBB8_2:
	.loc	3 1692 1 epilogue_begin         @ ./inc/CMSIS\core_cm4.h:1692:1
	add	sp, #4
	bx	lr
.Ltmp28:
.Lfunc_end8:
	.size	__NVIC_EnableIRQ, .Lfunc_end8-__NVIC_EnableIRQ
	.cfi_endproc
	.cantunwind
	.fnend
                                        @ -- End function
	.hidden	TIM6_DAC_IRQHandler             @ -- Begin function TIM6_DAC_IRQHandler
	.globl	TIM6_DAC_IRQHandler
	.p2align	2
	.type	TIM6_DAC_IRQHandler,%function
	.code	16                              @ @TIM6_DAC_IRQHandler
	.thumb_func
TIM6_DAC_IRQHandler:
.Lfunc_begin9:
	.loc	5 51 0                          @ src/main.c:51:0
	.fnstart
	.cfi_startproc
@ %bb.0:
	movw	r1, #4112
	movt	r1, #16384
.Ltmp29:
	.loc	5 53 11 prologue_end            @ src/main.c:53:11
	ldr	r0, [r1]
	bic	r0, r0, #1
	str	r0, [r1]
	.loc	5 57 1                          @ src/main.c:57:1
	bx	lr
.Ltmp30:
.Lfunc_end9:
	.size	TIM6_DAC_IRQHandler, .Lfunc_end9-TIM6_DAC_IRQHandler
	.cfi_endproc
	.cantunwind
	.fnend
                                        @ -- End function
	.hidden	sample_ADC                      @ -- Begin function sample_ADC
	.globl	sample_ADC
	.p2align	2
	.type	sample_ADC,%function
	.code	16                              @ @sample_ADC
	.thumb_func
sample_ADC:
.Lfunc_begin10:
	.loc	5 61 0                          @ src/main.c:61:0
	.fnstart
	.cfi_startproc
@ %bb.0:
	.pad	#4
	sub	sp, #4
	.cfi_def_cfa_offset 4
	movs	r0, #0
.Ltmp31:
	.loc	5 62 11 prologue_end            @ src/main.c:62:11
	strh.w	r0, [sp, #2]
	movw	r1, #8712
	movt	r1, #16385
	.loc	5 65 12                         @ src/main.c:65:12
	ldr	r0, [r1]
	orr	r0, r0, #1073741824
	str	r0, [r1]
	.loc	5 68 2                          @ src/main.c:68:2
	b	.LBB10_1
.LBB10_1:                               @ =>This Inner Loop Header: Depth=1
	.loc	5 0 2 is_stmt 0                 @ src/main.c:0:2
	movw	r0, #8704
	movt	r0, #16385
	.loc	5 68 15                         @ src/main.c:68:15
	ldr	r0, [r0]
	.loc	5 68 2                          @ src/main.c:68:2
	lsls	r0, r0, #30
	cmp	r0, #0
	bmi	.LBB10_3
	b	.LBB10_2
.LBB10_2:                               @   in Loop: Header=BB10_1 Depth=1
	b	.LBB10_1
.LBB10_3:
	.loc	5 0 2                           @ src/main.c:0:2
	movw	r0, #8780
	movt	r0, #16385
	.loc	5 71 23 is_stmt 1               @ src/main.c:71:23
	ldr	r0, [r0]
	.loc	5 71 14 is_stmt 0               @ src/main.c:71:14
	strh.w	r0, [sp, #2]
	.loc	5 72 9 is_stmt 1                @ src/main.c:72:9
	ldrh.w	r0, [sp, #2]
	.loc	5 72 2 epilogue_begin is_stmt 0 @ src/main.c:72:2
	add	sp, #4
	bx	lr
.Ltmp32:
.Lfunc_end10:
	.size	sample_ADC, .Lfunc_end10-sample_ADC
	.cfi_endproc
	.cantunwind
	.fnend
                                        @ -- End function
	.hidden	adc_to_temp                     @ -- Begin function adc_to_temp
	.globl	adc_to_temp
	.p2align	3
	.type	adc_to_temp,%function
	.code	16                              @ @adc_to_temp
	.thumb_func
adc_to_temp:
.Lfunc_begin11:
	.loc	5 77 0 is_stmt 1                @ src/main.c:77:0
	.fnstart
	.cfi_startproc
@ %bb.0:
	.save	{r7, lr}
	push	{r7, lr}
	.cfi_def_cfa_offset 8
	.cfi_offset lr, -4
	.cfi_offset r7, -8
	.pad	#8
	sub	sp, #8
	.cfi_def_cfa_offset 16
                                        @ kill: def $r1 killed $r0
	strh.w	r0, [sp, #6]
.Ltmp33:
	.loc	5 79 23 prologue_end            @ src/main.c:79:23
	ldrh.w	r0, [sp, #6]
	.loc	5 79 16 is_stmt 0               @ src/main.c:79:16
	vmov	s0, r0
	vcvt.f32.u32	s0, s0
	.loc	5 79 15                         @ src/main.c:79:15
	vmov	r0, s0
	bl	__aeabi_f2d
	vmov	d0, r0, r1
	vldr	d1, .LCPI11_0
	.loc	5 79 13                         @ src/main.c:79:13
	vmov	r2, r3, d1
	vmov	r0, r1, d0
	bl	__aeabi_dmul
	vmov	d0, r0, r1
	vmov	r0, r1, d0
	vldr	d0, .LCPI11_1
	vmov	r2, r3, d0
	bl	__aeabi_dadd
	vmov	d0, r0, r1
	.loc	5 79 9                          @ src/main.c:79:9
	vmov	r0, r1, d0
	bl	__aeabi_d2f
	vmov	s0, r0
	.loc	5 79 2 epilogue_begin           @ src/main.c:79:2
	add	sp, #8
	pop	{r7, pc}
.Ltmp34:
	.loc	5 0 2                           @ :0:2
.Ltmp35:
	.p2align	3
@ %bb.1:
.LCPI11_0:
	.long	357461610                       @ double -0.020757020760000001
	.long	3214229844
.LCPI11_1:
	.long	0                               @ double 55
	.long	1078689792
.Lfunc_end11:
	.size	adc_to_temp, .Lfunc_end11-adc_to_temp
	.cfi_endproc
	.cantunwind
	.fnend
                                        @ -- End function
	.type	__ARM_use_no_argv,%object       @ @__ARM_use_no_argv
	.section	.ARM.use_no_argv,"awR",%progbits,unique,1
	.globl	__ARM_use_no_argv
	.p2align	2, 0x0
__ARM_use_no_argv:
	.long	1                               @ 0x1
	.size	__ARM_use_no_argv, 4

	.section	.debug_abbrev,"",%progbits
	.byte	1                               @ Abbreviation Code
	.byte	17                              @ DW_TAG_compile_unit
	.byte	1                               @ DW_CHILDREN_yes
	.byte	37                              @ DW_AT_producer
	.byte	14                              @ DW_FORM_strp
	.byte	19                              @ DW_AT_language
	.byte	5                               @ DW_FORM_data2
	.byte	3                               @ DW_AT_name
	.byte	14                              @ DW_FORM_strp
	.byte	16                              @ DW_AT_stmt_list
	.byte	23                              @ DW_FORM_sec_offset
	.byte	27                              @ DW_AT_comp_dir
	.byte	14                              @ DW_FORM_strp
	.byte	17                              @ DW_AT_low_pc
	.byte	1                               @ DW_FORM_addr
	.byte	18                              @ DW_AT_high_pc
	.byte	6                               @ DW_FORM_data4
	.byte	0                               @ EOM(1)
	.byte	0                               @ EOM(2)
	.byte	2                               @ Abbreviation Code
	.byte	4                               @ DW_TAG_enumeration_type
	.byte	1                               @ DW_CHILDREN_yes
	.byte	73                              @ DW_AT_type
	.byte	19                              @ DW_FORM_ref4
	.byte	11                              @ DW_AT_byte_size
	.byte	11                              @ DW_FORM_data1
	.byte	58                              @ DW_AT_decl_file
	.byte	11                              @ DW_FORM_data1
	.byte	59                              @ DW_AT_decl_line
	.byte	11                              @ DW_FORM_data1
	.byte	0                               @ EOM(1)
	.byte	0                               @ EOM(2)
	.byte	3                               @ Abbreviation Code
	.byte	40                              @ DW_TAG_enumerator
	.byte	0                               @ DW_CHILDREN_no
	.byte	3                               @ DW_AT_name
	.byte	14                              @ DW_FORM_strp
	.byte	28                              @ DW_AT_const_value
	.byte	13                              @ DW_FORM_sdata
	.byte	0                               @ EOM(1)
	.byte	0                               @ EOM(2)
	.byte	4                               @ Abbreviation Code
	.byte	36                              @ DW_TAG_base_type
	.byte	0                               @ DW_CHILDREN_no
	.byte	3                               @ DW_AT_name
	.byte	14                              @ DW_FORM_strp
	.byte	62                              @ DW_AT_encoding
	.byte	11                              @ DW_FORM_data1
	.byte	11                              @ DW_AT_byte_size
	.byte	11                              @ DW_FORM_data1
	.byte	0                               @ EOM(1)
	.byte	0                               @ EOM(2)
	.byte	5                               @ Abbreviation Code
	.byte	15                              @ DW_TAG_pointer_type
	.byte	0                               @ DW_CHILDREN_no
	.byte	73                              @ DW_AT_type
	.byte	19                              @ DW_FORM_ref4
	.byte	0                               @ EOM(1)
	.byte	0                               @ EOM(2)
	.byte	6                               @ Abbreviation Code
	.byte	22                              @ DW_TAG_typedef
	.byte	0                               @ DW_CHILDREN_no
	.byte	73                              @ DW_AT_type
	.byte	19                              @ DW_FORM_ref4
	.byte	3                               @ DW_AT_name
	.byte	14                              @ DW_FORM_strp
	.byte	58                              @ DW_AT_decl_file
	.byte	11                              @ DW_FORM_data1
	.byte	59                              @ DW_AT_decl_line
	.byte	5                               @ DW_FORM_data2
	.byte	0                               @ EOM(1)
	.byte	0                               @ EOM(2)
	.byte	7                               @ Abbreviation Code
	.byte	19                              @ DW_TAG_structure_type
	.byte	1                               @ DW_CHILDREN_yes
	.byte	11                              @ DW_AT_byte_size
	.byte	11                              @ DW_FORM_data1
	.byte	58                              @ DW_AT_decl_file
	.byte	11                              @ DW_FORM_data1
	.byte	59                              @ DW_AT_decl_line
	.byte	5                               @ DW_FORM_data2
	.byte	0                               @ EOM(1)
	.byte	0                               @ EOM(2)
	.byte	8                               @ Abbreviation Code
	.byte	13                              @ DW_TAG_member
	.byte	0                               @ DW_CHILDREN_no
	.byte	3                               @ DW_AT_name
	.byte	14                              @ DW_FORM_strp
	.byte	73                              @ DW_AT_type
	.byte	19                              @ DW_FORM_ref4
	.byte	58                              @ DW_AT_decl_file
	.byte	11                              @ DW_FORM_data1
	.byte	59                              @ DW_AT_decl_line
	.byte	5                               @ DW_FORM_data2
	.byte	56                              @ DW_AT_data_member_location
	.byte	11                              @ DW_FORM_data1
	.byte	0                               @ EOM(1)
	.byte	0                               @ EOM(2)
	.byte	9                               @ Abbreviation Code
	.byte	53                              @ DW_TAG_volatile_type
	.byte	0                               @ DW_CHILDREN_no
	.byte	73                              @ DW_AT_type
	.byte	19                              @ DW_FORM_ref4
	.byte	0                               @ EOM(1)
	.byte	0                               @ EOM(2)
	.byte	10                              @ Abbreviation Code
	.byte	22                              @ DW_TAG_typedef
	.byte	0                               @ DW_CHILDREN_no
	.byte	73                              @ DW_AT_type
	.byte	19                              @ DW_FORM_ref4
	.byte	3                               @ DW_AT_name
	.byte	14                              @ DW_FORM_strp
	.byte	58                              @ DW_AT_decl_file
	.byte	11                              @ DW_FORM_data1
	.byte	59                              @ DW_AT_decl_line
	.byte	11                              @ DW_FORM_data1
	.byte	0                               @ EOM(1)
	.byte	0                               @ EOM(2)
	.byte	11                              @ Abbreviation Code
	.byte	1                               @ DW_TAG_array_type
	.byte	1                               @ DW_CHILDREN_yes
	.byte	73                              @ DW_AT_type
	.byte	19                              @ DW_FORM_ref4
	.byte	0                               @ EOM(1)
	.byte	0                               @ EOM(2)
	.byte	12                              @ Abbreviation Code
	.byte	33                              @ DW_TAG_subrange_type
	.byte	0                               @ DW_CHILDREN_no
	.byte	73                              @ DW_AT_type
	.byte	19                              @ DW_FORM_ref4
	.byte	55                              @ DW_AT_count
	.byte	11                              @ DW_FORM_data1
	.byte	0                               @ EOM(1)
	.byte	0                               @ EOM(2)
	.byte	13                              @ Abbreviation Code
	.byte	36                              @ DW_TAG_base_type
	.byte	0                               @ DW_CHILDREN_no
	.byte	3                               @ DW_AT_name
	.byte	14                              @ DW_FORM_strp
	.byte	11                              @ DW_AT_byte_size
	.byte	11                              @ DW_FORM_data1
	.byte	62                              @ DW_AT_encoding
	.byte	11                              @ DW_FORM_data1
	.byte	0                               @ EOM(1)
	.byte	0                               @ EOM(2)
	.byte	14                              @ Abbreviation Code
	.byte	19                              @ DW_TAG_structure_type
	.byte	1                               @ DW_CHILDREN_yes
	.byte	11                              @ DW_AT_byte_size
	.byte	11                              @ DW_FORM_data1
	.byte	58                              @ DW_AT_decl_file
	.byte	11                              @ DW_FORM_data1
	.byte	59                              @ DW_AT_decl_line
	.byte	11                              @ DW_FORM_data1
	.byte	0                               @ EOM(1)
	.byte	0                               @ EOM(2)
	.byte	15                              @ Abbreviation Code
	.byte	13                              @ DW_TAG_member
	.byte	0                               @ DW_CHILDREN_no
	.byte	3                               @ DW_AT_name
	.byte	14                              @ DW_FORM_strp
	.byte	73                              @ DW_AT_type
	.byte	19                              @ DW_FORM_ref4
	.byte	58                              @ DW_AT_decl_file
	.byte	11                              @ DW_FORM_data1
	.byte	59                              @ DW_AT_decl_line
	.byte	11                              @ DW_FORM_data1
	.byte	56                              @ DW_AT_data_member_location
	.byte	11                              @ DW_FORM_data1
	.byte	0                               @ EOM(1)
	.byte	0                               @ EOM(2)
	.byte	16                              @ Abbreviation Code
	.byte	19                              @ DW_TAG_structure_type
	.byte	1                               @ DW_CHILDREN_yes
	.byte	11                              @ DW_AT_byte_size
	.byte	5                               @ DW_FORM_data2
	.byte	58                              @ DW_AT_decl_file
	.byte	11                              @ DW_FORM_data1
	.byte	59                              @ DW_AT_decl_line
	.byte	5                               @ DW_FORM_data2
	.byte	0                               @ EOM(1)
	.byte	0                               @ EOM(2)
	.byte	17                              @ Abbreviation Code
	.byte	13                              @ DW_TAG_member
	.byte	0                               @ DW_CHILDREN_no
	.byte	3                               @ DW_AT_name
	.byte	14                              @ DW_FORM_strp
	.byte	73                              @ DW_AT_type
	.byte	19                              @ DW_FORM_ref4
	.byte	58                              @ DW_AT_decl_file
	.byte	11                              @ DW_FORM_data1
	.byte	59                              @ DW_AT_decl_line
	.byte	5                               @ DW_FORM_data2
	.byte	56                              @ DW_AT_data_member_location
	.byte	5                               @ DW_FORM_data2
	.byte	0                               @ EOM(1)
	.byte	0                               @ EOM(2)
	.byte	18                              @ Abbreviation Code
	.byte	33                              @ DW_TAG_subrange_type
	.byte	0                               @ DW_CHILDREN_no
	.byte	73                              @ DW_AT_type
	.byte	19                              @ DW_FORM_ref4
	.byte	55                              @ DW_AT_count
	.byte	5                               @ DW_FORM_data2
	.byte	0                               @ EOM(1)
	.byte	0                               @ EOM(2)
	.byte	19                              @ Abbreviation Code
	.byte	38                              @ DW_TAG_const_type
	.byte	0                               @ DW_CHILDREN_no
	.byte	73                              @ DW_AT_type
	.byte	19                              @ DW_FORM_ref4
	.byte	0                               @ EOM(1)
	.byte	0                               @ EOM(2)
	.byte	20                              @ Abbreviation Code
	.byte	46                              @ DW_TAG_subprogram
	.byte	0                               @ DW_CHILDREN_no
	.byte	17                              @ DW_AT_low_pc
	.byte	1                               @ DW_FORM_addr
	.byte	18                              @ DW_AT_high_pc
	.byte	6                               @ DW_FORM_data4
	.byte	64                              @ DW_AT_frame_base
	.byte	24                              @ DW_FORM_exprloc
	.byte	3                               @ DW_AT_name
	.byte	14                              @ DW_FORM_strp
	.byte	58                              @ DW_AT_decl_file
	.byte	11                              @ DW_FORM_data1
	.byte	59                              @ DW_AT_decl_line
	.byte	11                              @ DW_FORM_data1
	.byte	63                              @ DW_AT_external
	.byte	25                              @ DW_FORM_flag_present
	.byte	0                               @ EOM(1)
	.byte	0                               @ EOM(2)
	.byte	21                              @ Abbreviation Code
	.byte	46                              @ DW_TAG_subprogram
	.byte	0                               @ DW_CHILDREN_no
	.byte	3                               @ DW_AT_name
	.byte	14                              @ DW_FORM_strp
	.byte	58                              @ DW_AT_decl_file
	.byte	11                              @ DW_FORM_data1
	.byte	59                              @ DW_AT_decl_line
	.byte	5                               @ DW_FORM_data2
	.byte	39                              @ DW_AT_prototyped
	.byte	25                              @ DW_FORM_flag_present
	.byte	32                              @ DW_AT_inline
	.byte	11                              @ DW_FORM_data1
	.byte	0                               @ EOM(1)
	.byte	0                               @ EOM(2)
	.byte	22                              @ Abbreviation Code
	.byte	46                              @ DW_TAG_subprogram
	.byte	1                               @ DW_CHILDREN_yes
	.byte	17                              @ DW_AT_low_pc
	.byte	1                               @ DW_FORM_addr
	.byte	18                              @ DW_AT_high_pc
	.byte	6                               @ DW_FORM_data4
	.byte	64                              @ DW_AT_frame_base
	.byte	24                              @ DW_FORM_exprloc
	.byte	3                               @ DW_AT_name
	.byte	14                              @ DW_FORM_strp
	.byte	58                              @ DW_AT_decl_file
	.byte	11                              @ DW_FORM_data1
	.byte	59                              @ DW_AT_decl_line
	.byte	11                              @ DW_FORM_data1
	.byte	39                              @ DW_AT_prototyped
	.byte	25                              @ DW_FORM_flag_present
	.byte	73                              @ DW_AT_type
	.byte	19                              @ DW_FORM_ref4
	.byte	63                              @ DW_AT_external
	.byte	25                              @ DW_FORM_flag_present
	.byte	0                               @ EOM(1)
	.byte	0                               @ EOM(2)
	.byte	23                              @ Abbreviation Code
	.byte	29                              @ DW_TAG_inlined_subroutine
	.byte	0                               @ DW_CHILDREN_no
	.byte	49                              @ DW_AT_abstract_origin
	.byte	19                              @ DW_FORM_ref4
	.byte	17                              @ DW_AT_low_pc
	.byte	1                               @ DW_FORM_addr
	.byte	18                              @ DW_AT_high_pc
	.byte	6                               @ DW_FORM_data4
	.byte	88                              @ DW_AT_call_file
	.byte	11                              @ DW_FORM_data1
	.byte	89                              @ DW_AT_call_line
	.byte	11                              @ DW_FORM_data1
	.byte	87                              @ DW_AT_call_column
	.byte	11                              @ DW_FORM_data1
	.byte	0                               @ EOM(1)
	.byte	0                               @ EOM(2)
	.byte	24                              @ Abbreviation Code
	.byte	46                              @ DW_TAG_subprogram
	.byte	1                               @ DW_CHILDREN_yes
	.byte	17                              @ DW_AT_low_pc
	.byte	1                               @ DW_FORM_addr
	.byte	18                              @ DW_AT_high_pc
	.byte	6                               @ DW_FORM_data4
	.byte	64                              @ DW_AT_frame_base
	.byte	24                              @ DW_FORM_exprloc
	.byte	3                               @ DW_AT_name
	.byte	14                              @ DW_FORM_strp
	.byte	58                              @ DW_AT_decl_file
	.byte	11                              @ DW_FORM_data1
	.byte	59                              @ DW_AT_decl_line
	.byte	5                               @ DW_FORM_data2
	.byte	39                              @ DW_AT_prototyped
	.byte	25                              @ DW_FORM_flag_present
	.byte	0                               @ EOM(1)
	.byte	0                               @ EOM(2)
	.byte	25                              @ Abbreviation Code
	.byte	5                               @ DW_TAG_formal_parameter
	.byte	0                               @ DW_CHILDREN_no
	.byte	2                               @ DW_AT_location
	.byte	24                              @ DW_FORM_exprloc
	.byte	3                               @ DW_AT_name
	.byte	14                              @ DW_FORM_strp
	.byte	58                              @ DW_AT_decl_file
	.byte	11                              @ DW_FORM_data1
	.byte	59                              @ DW_AT_decl_line
	.byte	5                               @ DW_FORM_data2
	.byte	73                              @ DW_AT_type
	.byte	19                              @ DW_FORM_ref4
	.byte	0                               @ EOM(1)
	.byte	0                               @ EOM(2)
	.byte	26                              @ Abbreviation Code
	.byte	46                              @ DW_TAG_subprogram
	.byte	1                               @ DW_CHILDREN_yes
	.byte	17                              @ DW_AT_low_pc
	.byte	1                               @ DW_FORM_addr
	.byte	18                              @ DW_AT_high_pc
	.byte	6                               @ DW_FORM_data4
	.byte	64                              @ DW_AT_frame_base
	.byte	24                              @ DW_FORM_exprloc
	.byte	3                               @ DW_AT_name
	.byte	14                              @ DW_FORM_strp
	.byte	58                              @ DW_AT_decl_file
	.byte	11                              @ DW_FORM_data1
	.byte	59                              @ DW_AT_decl_line
	.byte	11                              @ DW_FORM_data1
	.byte	73                              @ DW_AT_type
	.byte	19                              @ DW_FORM_ref4
	.byte	63                              @ DW_AT_external
	.byte	25                              @ DW_FORM_flag_present
	.byte	0                               @ EOM(1)
	.byte	0                               @ EOM(2)
	.byte	27                              @ Abbreviation Code
	.byte	52                              @ DW_TAG_variable
	.byte	0                               @ DW_CHILDREN_no
	.byte	2                               @ DW_AT_location
	.byte	24                              @ DW_FORM_exprloc
	.byte	3                               @ DW_AT_name
	.byte	14                              @ DW_FORM_strp
	.byte	58                              @ DW_AT_decl_file
	.byte	11                              @ DW_FORM_data1
	.byte	59                              @ DW_AT_decl_line
	.byte	11                              @ DW_FORM_data1
	.byte	73                              @ DW_AT_type
	.byte	19                              @ DW_FORM_ref4
	.byte	0                               @ EOM(1)
	.byte	0                               @ EOM(2)
	.byte	28                              @ Abbreviation Code
	.byte	5                               @ DW_TAG_formal_parameter
	.byte	0                               @ DW_CHILDREN_no
	.byte	2                               @ DW_AT_location
	.byte	24                              @ DW_FORM_exprloc
	.byte	3                               @ DW_AT_name
	.byte	14                              @ DW_FORM_strp
	.byte	58                              @ DW_AT_decl_file
	.byte	11                              @ DW_FORM_data1
	.byte	59                              @ DW_AT_decl_line
	.byte	11                              @ DW_FORM_data1
	.byte	73                              @ DW_AT_type
	.byte	19                              @ DW_FORM_ref4
	.byte	0                               @ EOM(1)
	.byte	0                               @ EOM(2)
	.byte	0                               @ EOM(3)
	.section	.debug_info,"",%progbits
.Lcu_begin0:
	.long	.Ldebug_info_end0-.Ldebug_info_start0 @ Length of Unit
.Ldebug_info_start0:
	.short	4                               @ DWARF version number
	.long	.debug_abbrev                   @ Offset Into Abbrev. Section
	.byte	4                               @ Address Size (in bytes)
	.byte	1                               @ Abbrev [1] 0xb:0xbfa DW_TAG_compile_unit
	.long	.Linfo_string0                  @ DW_AT_producer
	.short	12                              @ DW_AT_language
	.long	.Linfo_string1                  @ DW_AT_name
	.long	.Lline_table_start0             @ DW_AT_stmt_list
	.long	.Linfo_string2                  @ DW_AT_comp_dir
	.long	.Lfunc_begin0                   @ DW_AT_low_pc
	.long	.Lfunc_end11-.Lfunc_begin0      @ DW_AT_high_pc
	.byte	2                               @ Abbrev [2] 0x26:0x276 DW_TAG_enumeration_type
	.long	668                             @ DW_AT_type
	.byte	4                               @ DW_AT_byte_size
	.byte	1                               @ DW_AT_decl_file
	.byte	85                              @ DW_AT_decl_line
	.byte	3                               @ Abbrev [3] 0x2e:0x6 DW_TAG_enumerator
	.long	.Linfo_string4                  @ DW_AT_name
	.byte	114                             @ DW_AT_const_value
	.byte	3                               @ Abbrev [3] 0x34:0x6 DW_TAG_enumerator
	.long	.Linfo_string5                  @ DW_AT_name
	.byte	116                             @ DW_AT_const_value
	.byte	3                               @ Abbrev [3] 0x3a:0x6 DW_TAG_enumerator
	.long	.Linfo_string6                  @ DW_AT_name
	.byte	117                             @ DW_AT_const_value
	.byte	3                               @ Abbrev [3] 0x40:0x6 DW_TAG_enumerator
	.long	.Linfo_string7                  @ DW_AT_name
	.byte	118                             @ DW_AT_const_value
	.byte	3                               @ Abbrev [3] 0x46:0x6 DW_TAG_enumerator
	.long	.Linfo_string8                  @ DW_AT_name
	.byte	123                             @ DW_AT_const_value
	.byte	3                               @ Abbrev [3] 0x4c:0x6 DW_TAG_enumerator
	.long	.Linfo_string9                  @ DW_AT_name
	.byte	124                             @ DW_AT_const_value
	.byte	3                               @ Abbrev [3] 0x52:0x6 DW_TAG_enumerator
	.long	.Linfo_string10                 @ DW_AT_name
	.byte	126                             @ DW_AT_const_value
	.byte	3                               @ Abbrev [3] 0x58:0x6 DW_TAG_enumerator
	.long	.Linfo_string11                 @ DW_AT_name
	.byte	127                             @ DW_AT_const_value
	.byte	3                               @ Abbrev [3] 0x5e:0x6 DW_TAG_enumerator
	.long	.Linfo_string12                 @ DW_AT_name
	.byte	0                               @ DW_AT_const_value
	.byte	3                               @ Abbrev [3] 0x64:0x6 DW_TAG_enumerator
	.long	.Linfo_string13                 @ DW_AT_name
	.byte	1                               @ DW_AT_const_value
	.byte	3                               @ Abbrev [3] 0x6a:0x6 DW_TAG_enumerator
	.long	.Linfo_string14                 @ DW_AT_name
	.byte	2                               @ DW_AT_const_value
	.byte	3                               @ Abbrev [3] 0x70:0x6 DW_TAG_enumerator
	.long	.Linfo_string15                 @ DW_AT_name
	.byte	3                               @ DW_AT_const_value
	.byte	3                               @ Abbrev [3] 0x76:0x6 DW_TAG_enumerator
	.long	.Linfo_string16                 @ DW_AT_name
	.byte	4                               @ DW_AT_const_value
	.byte	3                               @ Abbrev [3] 0x7c:0x6 DW_TAG_enumerator
	.long	.Linfo_string17                 @ DW_AT_name
	.byte	5                               @ DW_AT_const_value
	.byte	3                               @ Abbrev [3] 0x82:0x6 DW_TAG_enumerator
	.long	.Linfo_string18                 @ DW_AT_name
	.byte	6                               @ DW_AT_const_value
	.byte	3                               @ Abbrev [3] 0x88:0x6 DW_TAG_enumerator
	.long	.Linfo_string19                 @ DW_AT_name
	.byte	7                               @ DW_AT_const_value
	.byte	3                               @ Abbrev [3] 0x8e:0x6 DW_TAG_enumerator
	.long	.Linfo_string20                 @ DW_AT_name
	.byte	8                               @ DW_AT_const_value
	.byte	3                               @ Abbrev [3] 0x94:0x6 DW_TAG_enumerator
	.long	.Linfo_string21                 @ DW_AT_name
	.byte	9                               @ DW_AT_const_value
	.byte	3                               @ Abbrev [3] 0x9a:0x6 DW_TAG_enumerator
	.long	.Linfo_string22                 @ DW_AT_name
	.byte	10                              @ DW_AT_const_value
	.byte	3                               @ Abbrev [3] 0xa0:0x6 DW_TAG_enumerator
	.long	.Linfo_string23                 @ DW_AT_name
	.byte	11                              @ DW_AT_const_value
	.byte	3                               @ Abbrev [3] 0xa6:0x6 DW_TAG_enumerator
	.long	.Linfo_string24                 @ DW_AT_name
	.byte	12                              @ DW_AT_const_value
	.byte	3                               @ Abbrev [3] 0xac:0x6 DW_TAG_enumerator
	.long	.Linfo_string25                 @ DW_AT_name
	.byte	13                              @ DW_AT_const_value
	.byte	3                               @ Abbrev [3] 0xb2:0x6 DW_TAG_enumerator
	.long	.Linfo_string26                 @ DW_AT_name
	.byte	14                              @ DW_AT_const_value
	.byte	3                               @ Abbrev [3] 0xb8:0x6 DW_TAG_enumerator
	.long	.Linfo_string27                 @ DW_AT_name
	.byte	15                              @ DW_AT_const_value
	.byte	3                               @ Abbrev [3] 0xbe:0x6 DW_TAG_enumerator
	.long	.Linfo_string28                 @ DW_AT_name
	.byte	16                              @ DW_AT_const_value
	.byte	3                               @ Abbrev [3] 0xc4:0x6 DW_TAG_enumerator
	.long	.Linfo_string29                 @ DW_AT_name
	.byte	17                              @ DW_AT_const_value
	.byte	3                               @ Abbrev [3] 0xca:0x6 DW_TAG_enumerator
	.long	.Linfo_string30                 @ DW_AT_name
	.byte	18                              @ DW_AT_const_value
	.byte	3                               @ Abbrev [3] 0xd0:0x6 DW_TAG_enumerator
	.long	.Linfo_string31                 @ DW_AT_name
	.byte	19                              @ DW_AT_const_value
	.byte	3                               @ Abbrev [3] 0xd6:0x6 DW_TAG_enumerator
	.long	.Linfo_string32                 @ DW_AT_name
	.byte	20                              @ DW_AT_const_value
	.byte	3                               @ Abbrev [3] 0xdc:0x6 DW_TAG_enumerator
	.long	.Linfo_string33                 @ DW_AT_name
	.byte	21                              @ DW_AT_const_value
	.byte	3                               @ Abbrev [3] 0xe2:0x6 DW_TAG_enumerator
	.long	.Linfo_string34                 @ DW_AT_name
	.byte	22                              @ DW_AT_const_value
	.byte	3                               @ Abbrev [3] 0xe8:0x6 DW_TAG_enumerator
	.long	.Linfo_string35                 @ DW_AT_name
	.byte	23                              @ DW_AT_const_value
	.byte	3                               @ Abbrev [3] 0xee:0x6 DW_TAG_enumerator
	.long	.Linfo_string36                 @ DW_AT_name
	.byte	24                              @ DW_AT_const_value
	.byte	3                               @ Abbrev [3] 0xf4:0x6 DW_TAG_enumerator
	.long	.Linfo_string37                 @ DW_AT_name
	.byte	25                              @ DW_AT_const_value
	.byte	3                               @ Abbrev [3] 0xfa:0x6 DW_TAG_enumerator
	.long	.Linfo_string38                 @ DW_AT_name
	.byte	26                              @ DW_AT_const_value
	.byte	3                               @ Abbrev [3] 0x100:0x6 DW_TAG_enumerator
	.long	.Linfo_string39                 @ DW_AT_name
	.byte	27                              @ DW_AT_const_value
	.byte	3                               @ Abbrev [3] 0x106:0x6 DW_TAG_enumerator
	.long	.Linfo_string40                 @ DW_AT_name
	.byte	28                              @ DW_AT_const_value
	.byte	3                               @ Abbrev [3] 0x10c:0x6 DW_TAG_enumerator
	.long	.Linfo_string41                 @ DW_AT_name
	.byte	29                              @ DW_AT_const_value
	.byte	3                               @ Abbrev [3] 0x112:0x6 DW_TAG_enumerator
	.long	.Linfo_string42                 @ DW_AT_name
	.byte	30                              @ DW_AT_const_value
	.byte	3                               @ Abbrev [3] 0x118:0x6 DW_TAG_enumerator
	.long	.Linfo_string43                 @ DW_AT_name
	.byte	31                              @ DW_AT_const_value
	.byte	3                               @ Abbrev [3] 0x11e:0x6 DW_TAG_enumerator
	.long	.Linfo_string44                 @ DW_AT_name
	.byte	32                              @ DW_AT_const_value
	.byte	3                               @ Abbrev [3] 0x124:0x6 DW_TAG_enumerator
	.long	.Linfo_string45                 @ DW_AT_name
	.byte	33                              @ DW_AT_const_value
	.byte	3                               @ Abbrev [3] 0x12a:0x6 DW_TAG_enumerator
	.long	.Linfo_string46                 @ DW_AT_name
	.byte	34                              @ DW_AT_const_value
	.byte	3                               @ Abbrev [3] 0x130:0x6 DW_TAG_enumerator
	.long	.Linfo_string47                 @ DW_AT_name
	.byte	35                              @ DW_AT_const_value
	.byte	3                               @ Abbrev [3] 0x136:0x6 DW_TAG_enumerator
	.long	.Linfo_string48                 @ DW_AT_name
	.byte	36                              @ DW_AT_const_value
	.byte	3                               @ Abbrev [3] 0x13c:0x6 DW_TAG_enumerator
	.long	.Linfo_string49                 @ DW_AT_name
	.byte	37                              @ DW_AT_const_value
	.byte	3                               @ Abbrev [3] 0x142:0x6 DW_TAG_enumerator
	.long	.Linfo_string50                 @ DW_AT_name
	.byte	38                              @ DW_AT_const_value
	.byte	3                               @ Abbrev [3] 0x148:0x6 DW_TAG_enumerator
	.long	.Linfo_string51                 @ DW_AT_name
	.byte	39                              @ DW_AT_const_value
	.byte	3                               @ Abbrev [3] 0x14e:0x6 DW_TAG_enumerator
	.long	.Linfo_string52                 @ DW_AT_name
	.byte	40                              @ DW_AT_const_value
	.byte	3                               @ Abbrev [3] 0x154:0x6 DW_TAG_enumerator
	.long	.Linfo_string53                 @ DW_AT_name
	.byte	41                              @ DW_AT_const_value
	.byte	3                               @ Abbrev [3] 0x15a:0x6 DW_TAG_enumerator
	.long	.Linfo_string54                 @ DW_AT_name
	.byte	42                              @ DW_AT_const_value
	.byte	3                               @ Abbrev [3] 0x160:0x6 DW_TAG_enumerator
	.long	.Linfo_string55                 @ DW_AT_name
	.byte	43                              @ DW_AT_const_value
	.byte	3                               @ Abbrev [3] 0x166:0x6 DW_TAG_enumerator
	.long	.Linfo_string56                 @ DW_AT_name
	.byte	44                              @ DW_AT_const_value
	.byte	3                               @ Abbrev [3] 0x16c:0x6 DW_TAG_enumerator
	.long	.Linfo_string57                 @ DW_AT_name
	.byte	45                              @ DW_AT_const_value
	.byte	3                               @ Abbrev [3] 0x172:0x6 DW_TAG_enumerator
	.long	.Linfo_string58                 @ DW_AT_name
	.byte	46                              @ DW_AT_const_value
	.byte	3                               @ Abbrev [3] 0x178:0x6 DW_TAG_enumerator
	.long	.Linfo_string59                 @ DW_AT_name
	.byte	47                              @ DW_AT_const_value
	.byte	3                               @ Abbrev [3] 0x17e:0x6 DW_TAG_enumerator
	.long	.Linfo_string60                 @ DW_AT_name
	.byte	48                              @ DW_AT_const_value
	.byte	3                               @ Abbrev [3] 0x184:0x6 DW_TAG_enumerator
	.long	.Linfo_string61                 @ DW_AT_name
	.byte	49                              @ DW_AT_const_value
	.byte	3                               @ Abbrev [3] 0x18a:0x6 DW_TAG_enumerator
	.long	.Linfo_string62                 @ DW_AT_name
	.byte	50                              @ DW_AT_const_value
	.byte	3                               @ Abbrev [3] 0x190:0x6 DW_TAG_enumerator
	.long	.Linfo_string63                 @ DW_AT_name
	.byte	51                              @ DW_AT_const_value
	.byte	3                               @ Abbrev [3] 0x196:0x6 DW_TAG_enumerator
	.long	.Linfo_string64                 @ DW_AT_name
	.byte	52                              @ DW_AT_const_value
	.byte	3                               @ Abbrev [3] 0x19c:0x6 DW_TAG_enumerator
	.long	.Linfo_string65                 @ DW_AT_name
	.byte	53                              @ DW_AT_const_value
	.byte	3                               @ Abbrev [3] 0x1a2:0x6 DW_TAG_enumerator
	.long	.Linfo_string66                 @ DW_AT_name
	.byte	54                              @ DW_AT_const_value
	.byte	3                               @ Abbrev [3] 0x1a8:0x6 DW_TAG_enumerator
	.long	.Linfo_string67                 @ DW_AT_name
	.byte	55                              @ DW_AT_const_value
	.byte	3                               @ Abbrev [3] 0x1ae:0x6 DW_TAG_enumerator
	.long	.Linfo_string68                 @ DW_AT_name
	.byte	56                              @ DW_AT_const_value
	.byte	3                               @ Abbrev [3] 0x1b4:0x6 DW_TAG_enumerator
	.long	.Linfo_string69                 @ DW_AT_name
	.byte	57                              @ DW_AT_const_value
	.byte	3                               @ Abbrev [3] 0x1ba:0x6 DW_TAG_enumerator
	.long	.Linfo_string70                 @ DW_AT_name
	.byte	58                              @ DW_AT_const_value
	.byte	3                               @ Abbrev [3] 0x1c0:0x6 DW_TAG_enumerator
	.long	.Linfo_string71                 @ DW_AT_name
	.byte	59                              @ DW_AT_const_value
	.byte	3                               @ Abbrev [3] 0x1c6:0x6 DW_TAG_enumerator
	.long	.Linfo_string72                 @ DW_AT_name
	.byte	60                              @ DW_AT_const_value
	.byte	3                               @ Abbrev [3] 0x1cc:0x6 DW_TAG_enumerator
	.long	.Linfo_string73                 @ DW_AT_name
	.byte	61                              @ DW_AT_const_value
	.byte	3                               @ Abbrev [3] 0x1d2:0x6 DW_TAG_enumerator
	.long	.Linfo_string74                 @ DW_AT_name
	.byte	62                              @ DW_AT_const_value
	.byte	3                               @ Abbrev [3] 0x1d8:0x6 DW_TAG_enumerator
	.long	.Linfo_string75                 @ DW_AT_name
	.byte	63                              @ DW_AT_const_value
	.byte	3                               @ Abbrev [3] 0x1de:0x7 DW_TAG_enumerator
	.long	.Linfo_string76                 @ DW_AT_name
	.asciz	"\300"                          @ DW_AT_const_value
	.byte	3                               @ Abbrev [3] 0x1e5:0x7 DW_TAG_enumerator
	.long	.Linfo_string77                 @ DW_AT_name
	.asciz	"\301"                          @ DW_AT_const_value
	.byte	3                               @ Abbrev [3] 0x1ec:0x7 DW_TAG_enumerator
	.long	.Linfo_string78                 @ DW_AT_name
	.asciz	"\302"                          @ DW_AT_const_value
	.byte	3                               @ Abbrev [3] 0x1f3:0x7 DW_TAG_enumerator
	.long	.Linfo_string79                 @ DW_AT_name
	.asciz	"\303"                          @ DW_AT_const_value
	.byte	3                               @ Abbrev [3] 0x1fa:0x7 DW_TAG_enumerator
	.long	.Linfo_string80                 @ DW_AT_name
	.asciz	"\304"                          @ DW_AT_const_value
	.byte	3                               @ Abbrev [3] 0x201:0x7 DW_TAG_enumerator
	.long	.Linfo_string81                 @ DW_AT_name
	.asciz	"\305"                          @ DW_AT_const_value
	.byte	3                               @ Abbrev [3] 0x208:0x7 DW_TAG_enumerator
	.long	.Linfo_string82                 @ DW_AT_name
	.asciz	"\306"                          @ DW_AT_const_value
	.byte	3                               @ Abbrev [3] 0x20f:0x7 DW_TAG_enumerator
	.long	.Linfo_string83                 @ DW_AT_name
	.asciz	"\307"                          @ DW_AT_const_value
	.byte	3                               @ Abbrev [3] 0x216:0x7 DW_TAG_enumerator
	.long	.Linfo_string84                 @ DW_AT_name
	.asciz	"\310"                          @ DW_AT_const_value
	.byte	3                               @ Abbrev [3] 0x21d:0x7 DW_TAG_enumerator
	.long	.Linfo_string85                 @ DW_AT_name
	.asciz	"\311"                          @ DW_AT_const_value
	.byte	3                               @ Abbrev [3] 0x224:0x7 DW_TAG_enumerator
	.long	.Linfo_string86                 @ DW_AT_name
	.asciz	"\312"                          @ DW_AT_const_value
	.byte	3                               @ Abbrev [3] 0x22b:0x7 DW_TAG_enumerator
	.long	.Linfo_string87                 @ DW_AT_name
	.asciz	"\313"                          @ DW_AT_const_value
	.byte	3                               @ Abbrev [3] 0x232:0x7 DW_TAG_enumerator
	.long	.Linfo_string88                 @ DW_AT_name
	.asciz	"\314"                          @ DW_AT_const_value
	.byte	3                               @ Abbrev [3] 0x239:0x7 DW_TAG_enumerator
	.long	.Linfo_string89                 @ DW_AT_name
	.asciz	"\315"                          @ DW_AT_const_value
	.byte	3                               @ Abbrev [3] 0x240:0x7 DW_TAG_enumerator
	.long	.Linfo_string90                 @ DW_AT_name
	.asciz	"\316"                          @ DW_AT_const_value
	.byte	3                               @ Abbrev [3] 0x247:0x7 DW_TAG_enumerator
	.long	.Linfo_string91                 @ DW_AT_name
	.asciz	"\317"                          @ DW_AT_const_value
	.byte	3                               @ Abbrev [3] 0x24e:0x7 DW_TAG_enumerator
	.long	.Linfo_string92                 @ DW_AT_name
	.asciz	"\320"                          @ DW_AT_const_value
	.byte	3                               @ Abbrev [3] 0x255:0x7 DW_TAG_enumerator
	.long	.Linfo_string93                 @ DW_AT_name
	.asciz	"\321"                          @ DW_AT_const_value
	.byte	3                               @ Abbrev [3] 0x25c:0x7 DW_TAG_enumerator
	.long	.Linfo_string94                 @ DW_AT_name
	.asciz	"\322"                          @ DW_AT_const_value
	.byte	3                               @ Abbrev [3] 0x263:0x7 DW_TAG_enumerator
	.long	.Linfo_string95                 @ DW_AT_name
	.asciz	"\323"                          @ DW_AT_const_value
	.byte	3                               @ Abbrev [3] 0x26a:0x7 DW_TAG_enumerator
	.long	.Linfo_string96                 @ DW_AT_name
	.asciz	"\324"                          @ DW_AT_const_value
	.byte	3                               @ Abbrev [3] 0x271:0x7 DW_TAG_enumerator
	.long	.Linfo_string97                 @ DW_AT_name
	.asciz	"\325"                          @ DW_AT_const_value
	.byte	3                               @ Abbrev [3] 0x278:0x7 DW_TAG_enumerator
	.long	.Linfo_string98                 @ DW_AT_name
	.asciz	"\326"                          @ DW_AT_const_value
	.byte	3                               @ Abbrev [3] 0x27f:0x7 DW_TAG_enumerator
	.long	.Linfo_string99                 @ DW_AT_name
	.asciz	"\327"                          @ DW_AT_const_value
	.byte	3                               @ Abbrev [3] 0x286:0x7 DW_TAG_enumerator
	.long	.Linfo_string100                @ DW_AT_name
	.asciz	"\330"                          @ DW_AT_const_value
	.byte	3                               @ Abbrev [3] 0x28d:0x7 DW_TAG_enumerator
	.long	.Linfo_string101                @ DW_AT_name
	.asciz	"\331"                          @ DW_AT_const_value
	.byte	3                               @ Abbrev [3] 0x294:0x7 DW_TAG_enumerator
	.long	.Linfo_string102                @ DW_AT_name
	.asciz	"\332"                          @ DW_AT_const_value
	.byte	0                               @ End Of Children Mark
	.byte	4                               @ Abbrev [4] 0x29c:0x7 DW_TAG_base_type
	.long	.Linfo_string3                  @ DW_AT_name
	.byte	5                               @ DW_AT_encoding
	.byte	4                               @ DW_AT_byte_size
	.byte	5                               @ Abbrev [5] 0x2a3:0x5 DW_TAG_pointer_type
	.long	680                             @ DW_AT_type
	.byte	6                               @ Abbrev [6] 0x2a8:0xc DW_TAG_typedef
	.long	692                             @ DW_AT_type
	.long	.Linfo_string138                @ DW_AT_name
	.byte	1                               @ DW_AT_decl_file
	.short	746                             @ DW_AT_decl_line
	.byte	7                               @ Abbrev [7] 0x2b4:0x1a6 DW_TAG_structure_type
	.byte	144                             @ DW_AT_byte_size
	.byte	1                               @ DW_AT_decl_file
	.short	712                             @ DW_AT_decl_line
	.byte	8                               @ Abbrev [8] 0x2b9:0xd DW_TAG_member
	.long	.Linfo_string103                @ DW_AT_name
	.long	1114                            @ DW_AT_type
	.byte	1                               @ DW_AT_decl_file
	.short	714                             @ DW_AT_decl_line
	.byte	0                               @ DW_AT_data_member_location
	.byte	8                               @ Abbrev [8] 0x2c6:0xd DW_TAG_member
	.long	.Linfo_string106                @ DW_AT_name
	.long	1114                            @ DW_AT_type
	.byte	1                               @ DW_AT_decl_file
	.short	715                             @ DW_AT_decl_line
	.byte	4                               @ DW_AT_data_member_location
	.byte	8                               @ Abbrev [8] 0x2d3:0xd DW_TAG_member
	.long	.Linfo_string107                @ DW_AT_name
	.long	1114                            @ DW_AT_type
	.byte	1                               @ DW_AT_decl_file
	.short	716                             @ DW_AT_decl_line
	.byte	8                               @ DW_AT_data_member_location
	.byte	8                               @ Abbrev [8] 0x2e0:0xd DW_TAG_member
	.long	.Linfo_string108                @ DW_AT_name
	.long	1114                            @ DW_AT_type
	.byte	1                               @ DW_AT_decl_file
	.short	717                             @ DW_AT_decl_line
	.byte	12                              @ DW_AT_data_member_location
	.byte	8                               @ Abbrev [8] 0x2ed:0xd DW_TAG_member
	.long	.Linfo_string109                @ DW_AT_name
	.long	1114                            @ DW_AT_type
	.byte	1                               @ DW_AT_decl_file
	.short	718                             @ DW_AT_decl_line
	.byte	16                              @ DW_AT_data_member_location
	.byte	8                               @ Abbrev [8] 0x2fa:0xd DW_TAG_member
	.long	.Linfo_string110                @ DW_AT_name
	.long	1114                            @ DW_AT_type
	.byte	1                               @ DW_AT_decl_file
	.short	719                             @ DW_AT_decl_line
	.byte	20                              @ DW_AT_data_member_location
	.byte	8                               @ Abbrev [8] 0x307:0xd DW_TAG_member
	.long	.Linfo_string111                @ DW_AT_name
	.long	1114                            @ DW_AT_type
	.byte	1                               @ DW_AT_decl_file
	.short	720                             @ DW_AT_decl_line
	.byte	24                              @ DW_AT_data_member_location
	.byte	8                               @ Abbrev [8] 0x314:0xd DW_TAG_member
	.long	.Linfo_string112                @ DW_AT_name
	.long	1119                            @ DW_AT_type
	.byte	1                               @ DW_AT_decl_file
	.short	721                             @ DW_AT_decl_line
	.byte	28                              @ DW_AT_data_member_location
	.byte	8                               @ Abbrev [8] 0x321:0xd DW_TAG_member
	.long	.Linfo_string113                @ DW_AT_name
	.long	1114                            @ DW_AT_type
	.byte	1                               @ DW_AT_decl_file
	.short	722                             @ DW_AT_decl_line
	.byte	32                              @ DW_AT_data_member_location
	.byte	8                               @ Abbrev [8] 0x32e:0xd DW_TAG_member
	.long	.Linfo_string114                @ DW_AT_name
	.long	1114                            @ DW_AT_type
	.byte	1                               @ DW_AT_decl_file
	.short	723                             @ DW_AT_decl_line
	.byte	36                              @ DW_AT_data_member_location
	.byte	8                               @ Abbrev [8] 0x33b:0xd DW_TAG_member
	.long	.Linfo_string115                @ DW_AT_name
	.long	1137                            @ DW_AT_type
	.byte	1                               @ DW_AT_decl_file
	.short	724                             @ DW_AT_decl_line
	.byte	40                              @ DW_AT_data_member_location
	.byte	8                               @ Abbrev [8] 0x348:0xd DW_TAG_member
	.long	.Linfo_string117                @ DW_AT_name
	.long	1114                            @ DW_AT_type
	.byte	1                               @ DW_AT_decl_file
	.short	725                             @ DW_AT_decl_line
	.byte	48                              @ DW_AT_data_member_location
	.byte	8                               @ Abbrev [8] 0x355:0xd DW_TAG_member
	.long	.Linfo_string118                @ DW_AT_name
	.long	1114                            @ DW_AT_type
	.byte	1                               @ DW_AT_decl_file
	.short	726                             @ DW_AT_decl_line
	.byte	52                              @ DW_AT_data_member_location
	.byte	8                               @ Abbrev [8] 0x362:0xd DW_TAG_member
	.long	.Linfo_string119                @ DW_AT_name
	.long	1114                            @ DW_AT_type
	.byte	1                               @ DW_AT_decl_file
	.short	727                             @ DW_AT_decl_line
	.byte	56                              @ DW_AT_data_member_location
	.byte	8                               @ Abbrev [8] 0x36f:0xd DW_TAG_member
	.long	.Linfo_string120                @ DW_AT_name
	.long	1119                            @ DW_AT_type
	.byte	1                               @ DW_AT_decl_file
	.short	728                             @ DW_AT_decl_line
	.byte	60                              @ DW_AT_data_member_location
	.byte	8                               @ Abbrev [8] 0x37c:0xd DW_TAG_member
	.long	.Linfo_string121                @ DW_AT_name
	.long	1114                            @ DW_AT_type
	.byte	1                               @ DW_AT_decl_file
	.short	729                             @ DW_AT_decl_line
	.byte	64                              @ DW_AT_data_member_location
	.byte	8                               @ Abbrev [8] 0x389:0xd DW_TAG_member
	.long	.Linfo_string122                @ DW_AT_name
	.long	1114                            @ DW_AT_type
	.byte	1                               @ DW_AT_decl_file
	.short	730                             @ DW_AT_decl_line
	.byte	68                              @ DW_AT_data_member_location
	.byte	8                               @ Abbrev [8] 0x396:0xd DW_TAG_member
	.long	.Linfo_string123                @ DW_AT_name
	.long	1137                            @ DW_AT_type
	.byte	1                               @ DW_AT_decl_file
	.short	731                             @ DW_AT_decl_line
	.byte	72                              @ DW_AT_data_member_location
	.byte	8                               @ Abbrev [8] 0x3a3:0xd DW_TAG_member
	.long	.Linfo_string124                @ DW_AT_name
	.long	1114                            @ DW_AT_type
	.byte	1                               @ DW_AT_decl_file
	.short	732                             @ DW_AT_decl_line
	.byte	80                              @ DW_AT_data_member_location
	.byte	8                               @ Abbrev [8] 0x3b0:0xd DW_TAG_member
	.long	.Linfo_string125                @ DW_AT_name
	.long	1114                            @ DW_AT_type
	.byte	1                               @ DW_AT_decl_file
	.short	733                             @ DW_AT_decl_line
	.byte	84                              @ DW_AT_data_member_location
	.byte	8                               @ Abbrev [8] 0x3bd:0xd DW_TAG_member
	.long	.Linfo_string126                @ DW_AT_name
	.long	1114                            @ DW_AT_type
	.byte	1                               @ DW_AT_decl_file
	.short	734                             @ DW_AT_decl_line
	.byte	88                              @ DW_AT_data_member_location
	.byte	8                               @ Abbrev [8] 0x3ca:0xd DW_TAG_member
	.long	.Linfo_string127                @ DW_AT_name
	.long	1119                            @ DW_AT_type
	.byte	1                               @ DW_AT_decl_file
	.short	735                             @ DW_AT_decl_line
	.byte	92                              @ DW_AT_data_member_location
	.byte	8                               @ Abbrev [8] 0x3d7:0xd DW_TAG_member
	.long	.Linfo_string128                @ DW_AT_name
	.long	1114                            @ DW_AT_type
	.byte	1                               @ DW_AT_decl_file
	.short	736                             @ DW_AT_decl_line
	.byte	96                              @ DW_AT_data_member_location
	.byte	8                               @ Abbrev [8] 0x3e4:0xd DW_TAG_member
	.long	.Linfo_string129                @ DW_AT_name
	.long	1114                            @ DW_AT_type
	.byte	1                               @ DW_AT_decl_file
	.short	737                             @ DW_AT_decl_line
	.byte	100                             @ DW_AT_data_member_location
	.byte	8                               @ Abbrev [8] 0x3f1:0xd DW_TAG_member
	.long	.Linfo_string130                @ DW_AT_name
	.long	1137                            @ DW_AT_type
	.byte	1                               @ DW_AT_decl_file
	.short	738                             @ DW_AT_decl_line
	.byte	104                             @ DW_AT_data_member_location
	.byte	8                               @ Abbrev [8] 0x3fe:0xd DW_TAG_member
	.long	.Linfo_string131                @ DW_AT_name
	.long	1114                            @ DW_AT_type
	.byte	1                               @ DW_AT_decl_file
	.short	739                             @ DW_AT_decl_line
	.byte	112                             @ DW_AT_data_member_location
	.byte	8                               @ Abbrev [8] 0x40b:0xd DW_TAG_member
	.long	.Linfo_string132                @ DW_AT_name
	.long	1114                            @ DW_AT_type
	.byte	1                               @ DW_AT_decl_file
	.short	740                             @ DW_AT_decl_line
	.byte	116                             @ DW_AT_data_member_location
	.byte	8                               @ Abbrev [8] 0x418:0xd DW_TAG_member
	.long	.Linfo_string133                @ DW_AT_name
	.long	1137                            @ DW_AT_type
	.byte	1                               @ DW_AT_decl_file
	.short	741                             @ DW_AT_decl_line
	.byte	120                             @ DW_AT_data_member_location
	.byte	8                               @ Abbrev [8] 0x425:0xd DW_TAG_member
	.long	.Linfo_string134                @ DW_AT_name
	.long	1114                            @ DW_AT_type
	.byte	1                               @ DW_AT_decl_file
	.short	742                             @ DW_AT_decl_line
	.byte	128                             @ DW_AT_data_member_location
	.byte	8                               @ Abbrev [8] 0x432:0xd DW_TAG_member
	.long	.Linfo_string135                @ DW_AT_name
	.long	1114                            @ DW_AT_type
	.byte	1                               @ DW_AT_decl_file
	.short	743                             @ DW_AT_decl_line
	.byte	132                             @ DW_AT_data_member_location
	.byte	8                               @ Abbrev [8] 0x43f:0xd DW_TAG_member
	.long	.Linfo_string136                @ DW_AT_name
	.long	1114                            @ DW_AT_type
	.byte	1                               @ DW_AT_decl_file
	.short	744                             @ DW_AT_decl_line
	.byte	136                             @ DW_AT_data_member_location
	.byte	8                               @ Abbrev [8] 0x44c:0xd DW_TAG_member
	.long	.Linfo_string137                @ DW_AT_name
	.long	1114                            @ DW_AT_type
	.byte	1                               @ DW_AT_decl_file
	.short	745                             @ DW_AT_decl_line
	.byte	140                             @ DW_AT_data_member_location
	.byte	0                               @ End Of Children Mark
	.byte	9                               @ Abbrev [9] 0x45a:0x5 DW_TAG_volatile_type
	.long	1119                            @ DW_AT_type
	.byte	10                              @ Abbrev [10] 0x45f:0xb DW_TAG_typedef
	.long	1130                            @ DW_AT_type
	.long	.Linfo_string105                @ DW_AT_name
	.byte	2                               @ DW_AT_decl_file
	.byte	64                              @ DW_AT_decl_line
	.byte	4                               @ Abbrev [4] 0x46a:0x7 DW_TAG_base_type
	.long	.Linfo_string104                @ DW_AT_name
	.byte	7                               @ DW_AT_encoding
	.byte	4                               @ DW_AT_byte_size
	.byte	11                              @ Abbrev [11] 0x471:0xc DW_TAG_array_type
	.long	1119                            @ DW_AT_type
	.byte	12                              @ Abbrev [12] 0x476:0x6 DW_TAG_subrange_type
	.long	1149                            @ DW_AT_type
	.byte	2                               @ DW_AT_count
	.byte	0                               @ End Of Children Mark
	.byte	13                              @ Abbrev [13] 0x47d:0x7 DW_TAG_base_type
	.long	.Linfo_string116                @ DW_AT_name
	.byte	8                               @ DW_AT_byte_size
	.byte	7                               @ DW_AT_encoding
	.byte	5                               @ Abbrev [5] 0x484:0x5 DW_TAG_pointer_type
	.long	1161                            @ DW_AT_type
	.byte	6                               @ Abbrev [6] 0x489:0xc DW_TAG_typedef
	.long	1173                            @ DW_AT_type
	.long	.Linfo_string148                @ DW_AT_name
	.byte	1                               @ DW_AT_decl_file
	.short	606                             @ DW_AT_decl_line
	.byte	7                               @ Abbrev [7] 0x495:0x7b DW_TAG_structure_type
	.byte	40                              @ DW_AT_byte_size
	.byte	1                               @ DW_AT_decl_file
	.short	595                             @ DW_AT_decl_line
	.byte	8                               @ Abbrev [8] 0x49a:0xd DW_TAG_member
	.long	.Linfo_string139                @ DW_AT_name
	.long	1114                            @ DW_AT_type
	.byte	1                               @ DW_AT_decl_file
	.short	597                             @ DW_AT_decl_line
	.byte	0                               @ DW_AT_data_member_location
	.byte	8                               @ Abbrev [8] 0x4a7:0xd DW_TAG_member
	.long	.Linfo_string140                @ DW_AT_name
	.long	1114                            @ DW_AT_type
	.byte	1                               @ DW_AT_decl_file
	.short	598                             @ DW_AT_decl_line
	.byte	4                               @ DW_AT_data_member_location
	.byte	8                               @ Abbrev [8] 0x4b4:0xd DW_TAG_member
	.long	.Linfo_string141                @ DW_AT_name
	.long	1114                            @ DW_AT_type
	.byte	1                               @ DW_AT_decl_file
	.short	599                             @ DW_AT_decl_line
	.byte	8                               @ DW_AT_data_member_location
	.byte	8                               @ Abbrev [8] 0x4c1:0xd DW_TAG_member
	.long	.Linfo_string142                @ DW_AT_name
	.long	1114                            @ DW_AT_type
	.byte	1                               @ DW_AT_decl_file
	.short	600                             @ DW_AT_decl_line
	.byte	12                              @ DW_AT_data_member_location
	.byte	8                               @ Abbrev [8] 0x4ce:0xd DW_TAG_member
	.long	.Linfo_string143                @ DW_AT_name
	.long	1114                            @ DW_AT_type
	.byte	1                               @ DW_AT_decl_file
	.short	601                             @ DW_AT_decl_line
	.byte	16                              @ DW_AT_data_member_location
	.byte	8                               @ Abbrev [8] 0x4db:0xd DW_TAG_member
	.long	.Linfo_string144                @ DW_AT_name
	.long	1114                            @ DW_AT_type
	.byte	1                               @ DW_AT_decl_file
	.short	602                             @ DW_AT_decl_line
	.byte	20                              @ DW_AT_data_member_location
	.byte	8                               @ Abbrev [8] 0x4e8:0xd DW_TAG_member
	.long	.Linfo_string145                @ DW_AT_name
	.long	1114                            @ DW_AT_type
	.byte	1                               @ DW_AT_decl_file
	.short	603                             @ DW_AT_decl_line
	.byte	24                              @ DW_AT_data_member_location
	.byte	8                               @ Abbrev [8] 0x4f5:0xd DW_TAG_member
	.long	.Linfo_string146                @ DW_AT_name
	.long	1114                            @ DW_AT_type
	.byte	1                               @ DW_AT_decl_file
	.short	604                             @ DW_AT_decl_line
	.byte	28                              @ DW_AT_data_member_location
	.byte	8                               @ Abbrev [8] 0x502:0xd DW_TAG_member
	.long	.Linfo_string147                @ DW_AT_name
	.long	1296                            @ DW_AT_type
	.byte	1                               @ DW_AT_decl_file
	.short	605                             @ DW_AT_decl_line
	.byte	32                              @ DW_AT_data_member_location
	.byte	0                               @ End Of Children Mark
	.byte	11                              @ Abbrev [11] 0x510:0xc DW_TAG_array_type
	.long	1114                            @ DW_AT_type
	.byte	12                              @ Abbrev [12] 0x515:0x6 DW_TAG_subrange_type
	.long	1149                            @ DW_AT_type
	.byte	2                               @ DW_AT_count
	.byte	0                               @ End Of Children Mark
	.byte	5                               @ Abbrev [5] 0x51c:0x5 DW_TAG_pointer_type
	.long	1313                            @ DW_AT_type
	.byte	10                              @ Abbrev [10] 0x521:0xb DW_TAG_typedef
	.long	1324                            @ DW_AT_type
	.long	.Linfo_string151                @ DW_AT_name
	.byte	1                               @ DW_AT_decl_file
	.byte	236                             @ DW_AT_decl_line
	.byte	14                              @ Abbrev [14] 0x52c:0x29 DW_TAG_structure_type
	.byte	12                              @ DW_AT_byte_size
	.byte	1                               @ DW_AT_decl_file
	.byte	230                             @ DW_AT_decl_line
	.byte	15                              @ Abbrev [15] 0x530:0xc DW_TAG_member
	.long	.Linfo_string132                @ DW_AT_name
	.long	1114                            @ DW_AT_type
	.byte	1                               @ DW_AT_decl_file
	.byte	232                             @ DW_AT_decl_line
	.byte	0                               @ DW_AT_data_member_location
	.byte	15                              @ Abbrev [15] 0x53c:0xc DW_TAG_member
	.long	.Linfo_string149                @ DW_AT_name
	.long	1114                            @ DW_AT_type
	.byte	1                               @ DW_AT_decl_file
	.byte	233                             @ DW_AT_decl_line
	.byte	4                               @ DW_AT_data_member_location
	.byte	15                              @ Abbrev [15] 0x548:0xc DW_TAG_member
	.long	.Linfo_string150                @ DW_AT_name
	.long	1114                            @ DW_AT_type
	.byte	1                               @ DW_AT_decl_file
	.byte	234                             @ DW_AT_decl_line
	.byte	8                               @ DW_AT_data_member_location
	.byte	0                               @ End Of Children Mark
	.byte	5                               @ Abbrev [5] 0x555:0x5 DW_TAG_pointer_type
	.long	1370                            @ DW_AT_type
	.byte	10                              @ Abbrev [10] 0x55a:0xb DW_TAG_typedef
	.long	1381                            @ DW_AT_type
	.long	.Linfo_string172                @ DW_AT_name
	.byte	1                               @ DW_AT_decl_file
	.byte	228                             @ DW_AT_decl_line
	.byte	14                              @ Abbrev [14] 0x565:0xf5 DW_TAG_structure_type
	.byte	80                              @ DW_AT_byte_size
	.byte	1                               @ DW_AT_decl_file
	.byte	206                             @ DW_AT_decl_line
	.byte	15                              @ Abbrev [15] 0x569:0xc DW_TAG_member
	.long	.Linfo_string152                @ DW_AT_name
	.long	1114                            @ DW_AT_type
	.byte	1                               @ DW_AT_decl_file
	.byte	208                             @ DW_AT_decl_line
	.byte	0                               @ DW_AT_data_member_location
	.byte	15                              @ Abbrev [15] 0x575:0xc DW_TAG_member
	.long	.Linfo_string153                @ DW_AT_name
	.long	1114                            @ DW_AT_type
	.byte	1                               @ DW_AT_decl_file
	.byte	209                             @ DW_AT_decl_line
	.byte	4                               @ DW_AT_data_member_location
	.byte	15                              @ Abbrev [15] 0x581:0xc DW_TAG_member
	.long	.Linfo_string154                @ DW_AT_name
	.long	1114                            @ DW_AT_type
	.byte	1                               @ DW_AT_decl_file
	.byte	210                             @ DW_AT_decl_line
	.byte	8                               @ DW_AT_data_member_location
	.byte	15                              @ Abbrev [15] 0x58d:0xc DW_TAG_member
	.long	.Linfo_string155                @ DW_AT_name
	.long	1114                            @ DW_AT_type
	.byte	1                               @ DW_AT_decl_file
	.byte	211                             @ DW_AT_decl_line
	.byte	12                              @ DW_AT_data_member_location
	.byte	15                              @ Abbrev [15] 0x599:0xc DW_TAG_member
	.long	.Linfo_string156                @ DW_AT_name
	.long	1114                            @ DW_AT_type
	.byte	1                               @ DW_AT_decl_file
	.byte	212                             @ DW_AT_decl_line
	.byte	16                              @ DW_AT_data_member_location
	.byte	15                              @ Abbrev [15] 0x5a5:0xc DW_TAG_member
	.long	.Linfo_string157                @ DW_AT_name
	.long	1114                            @ DW_AT_type
	.byte	1                               @ DW_AT_decl_file
	.byte	213                             @ DW_AT_decl_line
	.byte	20                              @ DW_AT_data_member_location
	.byte	15                              @ Abbrev [15] 0x5b1:0xc DW_TAG_member
	.long	.Linfo_string158                @ DW_AT_name
	.long	1114                            @ DW_AT_type
	.byte	1                               @ DW_AT_decl_file
	.byte	214                             @ DW_AT_decl_line
	.byte	24                              @ DW_AT_data_member_location
	.byte	15                              @ Abbrev [15] 0x5bd:0xc DW_TAG_member
	.long	.Linfo_string159                @ DW_AT_name
	.long	1114                            @ DW_AT_type
	.byte	1                               @ DW_AT_decl_file
	.byte	215                             @ DW_AT_decl_line
	.byte	28                              @ DW_AT_data_member_location
	.byte	15                              @ Abbrev [15] 0x5c9:0xc DW_TAG_member
	.long	.Linfo_string160                @ DW_AT_name
	.long	1114                            @ DW_AT_type
	.byte	1                               @ DW_AT_decl_file
	.byte	216                             @ DW_AT_decl_line
	.byte	32                              @ DW_AT_data_member_location
	.byte	15                              @ Abbrev [15] 0x5d5:0xc DW_TAG_member
	.long	.Linfo_string161                @ DW_AT_name
	.long	1114                            @ DW_AT_type
	.byte	1                               @ DW_AT_decl_file
	.byte	217                             @ DW_AT_decl_line
	.byte	36                              @ DW_AT_data_member_location
	.byte	15                              @ Abbrev [15] 0x5e1:0xc DW_TAG_member
	.long	.Linfo_string162                @ DW_AT_name
	.long	1114                            @ DW_AT_type
	.byte	1                               @ DW_AT_decl_file
	.byte	218                             @ DW_AT_decl_line
	.byte	40                              @ DW_AT_data_member_location
	.byte	15                              @ Abbrev [15] 0x5ed:0xc DW_TAG_member
	.long	.Linfo_string163                @ DW_AT_name
	.long	1114                            @ DW_AT_type
	.byte	1                               @ DW_AT_decl_file
	.byte	219                             @ DW_AT_decl_line
	.byte	44                              @ DW_AT_data_member_location
	.byte	15                              @ Abbrev [15] 0x5f9:0xc DW_TAG_member
	.long	.Linfo_string164                @ DW_AT_name
	.long	1114                            @ DW_AT_type
	.byte	1                               @ DW_AT_decl_file
	.byte	220                             @ DW_AT_decl_line
	.byte	48                              @ DW_AT_data_member_location
	.byte	15                              @ Abbrev [15] 0x605:0xc DW_TAG_member
	.long	.Linfo_string165                @ DW_AT_name
	.long	1114                            @ DW_AT_type
	.byte	1                               @ DW_AT_decl_file
	.byte	221                             @ DW_AT_decl_line
	.byte	52                              @ DW_AT_data_member_location
	.byte	15                              @ Abbrev [15] 0x611:0xc DW_TAG_member
	.long	.Linfo_string166                @ DW_AT_name
	.long	1114                            @ DW_AT_type
	.byte	1                               @ DW_AT_decl_file
	.byte	222                             @ DW_AT_decl_line
	.byte	56                              @ DW_AT_data_member_location
	.byte	15                              @ Abbrev [15] 0x61d:0xc DW_TAG_member
	.long	.Linfo_string167                @ DW_AT_name
	.long	1114                            @ DW_AT_type
	.byte	1                               @ DW_AT_decl_file
	.byte	223                             @ DW_AT_decl_line
	.byte	60                              @ DW_AT_data_member_location
	.byte	15                              @ Abbrev [15] 0x629:0xc DW_TAG_member
	.long	.Linfo_string168                @ DW_AT_name
	.long	1114                            @ DW_AT_type
	.byte	1                               @ DW_AT_decl_file
	.byte	224                             @ DW_AT_decl_line
	.byte	64                              @ DW_AT_data_member_location
	.byte	15                              @ Abbrev [15] 0x635:0xc DW_TAG_member
	.long	.Linfo_string169                @ DW_AT_name
	.long	1114                            @ DW_AT_type
	.byte	1                               @ DW_AT_decl_file
	.byte	225                             @ DW_AT_decl_line
	.byte	68                              @ DW_AT_data_member_location
	.byte	15                              @ Abbrev [15] 0x641:0xc DW_TAG_member
	.long	.Linfo_string170                @ DW_AT_name
	.long	1114                            @ DW_AT_type
	.byte	1                               @ DW_AT_decl_file
	.byte	226                             @ DW_AT_decl_line
	.byte	72                              @ DW_AT_data_member_location
	.byte	15                              @ Abbrev [15] 0x64d:0xc DW_TAG_member
	.long	.Linfo_string171                @ DW_AT_name
	.long	1114                            @ DW_AT_type
	.byte	1                               @ DW_AT_decl_file
	.byte	227                             @ DW_AT_decl_line
	.byte	76                              @ DW_AT_data_member_location
	.byte	0                               @ End Of Children Mark
	.byte	5                               @ Abbrev [5] 0x65a:0x5 DW_TAG_pointer_type
	.long	1631                            @ DW_AT_type
	.byte	6                               @ Abbrev [6] 0x65f:0xc DW_TAG_typedef
	.long	1643                            @ DW_AT_type
	.long	.Linfo_string176                @ DW_AT_name
	.byte	1                               @ DW_AT_decl_file
	.short	905                             @ DW_AT_decl_line
	.byte	7                               @ Abbrev [7] 0x66b:0x61 DW_TAG_structure_type
	.byte	28                              @ DW_AT_byte_size
	.byte	1                               @ DW_AT_decl_file
	.short	896                             @ DW_AT_decl_line
	.byte	8                               @ Abbrev [8] 0x670:0xd DW_TAG_member
	.long	.Linfo_string152                @ DW_AT_name
	.long	1114                            @ DW_AT_type
	.byte	1                               @ DW_AT_decl_file
	.short	898                             @ DW_AT_decl_line
	.byte	0                               @ DW_AT_data_member_location
	.byte	8                               @ Abbrev [8] 0x67d:0xd DW_TAG_member
	.long	.Linfo_string171                @ DW_AT_name
	.long	1114                            @ DW_AT_type
	.byte	1                               @ DW_AT_decl_file
	.short	899                             @ DW_AT_decl_line
	.byte	4                               @ DW_AT_data_member_location
	.byte	8                               @ Abbrev [8] 0x68a:0xd DW_TAG_member
	.long	.Linfo_string173                @ DW_AT_name
	.long	1114                            @ DW_AT_type
	.byte	1                               @ DW_AT_decl_file
	.short	900                             @ DW_AT_decl_line
	.byte	8                               @ DW_AT_data_member_location
	.byte	8                               @ Abbrev [8] 0x697:0xd DW_TAG_member
	.long	.Linfo_string153                @ DW_AT_name
	.long	1114                            @ DW_AT_type
	.byte	1                               @ DW_AT_decl_file
	.short	901                             @ DW_AT_decl_line
	.byte	12                              @ DW_AT_data_member_location
	.byte	8                               @ Abbrev [8] 0x6a4:0xd DW_TAG_member
	.long	.Linfo_string154                @ DW_AT_name
	.long	1114                            @ DW_AT_type
	.byte	1                               @ DW_AT_decl_file
	.short	902                             @ DW_AT_decl_line
	.byte	16                              @ DW_AT_data_member_location
	.byte	8                               @ Abbrev [8] 0x6b1:0xd DW_TAG_member
	.long	.Linfo_string174                @ DW_AT_name
	.long	1114                            @ DW_AT_type
	.byte	1                               @ DW_AT_decl_file
	.short	903                             @ DW_AT_decl_line
	.byte	20                              @ DW_AT_data_member_location
	.byte	8                               @ Abbrev [8] 0x6be:0xd DW_TAG_member
	.long	.Linfo_string175                @ DW_AT_name
	.long	1114                            @ DW_AT_type
	.byte	1                               @ DW_AT_decl_file
	.short	904                             @ DW_AT_decl_line
	.byte	24                              @ DW_AT_data_member_location
	.byte	0                               @ End Of Children Mark
	.byte	5                               @ Abbrev [5] 0x6cc:0x5 DW_TAG_pointer_type
	.long	1745                            @ DW_AT_type
	.byte	6                               @ Abbrev [6] 0x6d1:0xc DW_TAG_typedef
	.long	1757                            @ DW_AT_type
	.long	.Linfo_string195                @ DW_AT_name
	.byte	1                               @ DW_AT_decl_file
	.short	890                             @ DW_AT_decl_line
	.byte	7                               @ Abbrev [7] 0x6dd:0x117 DW_TAG_structure_type
	.byte	84                              @ DW_AT_byte_size
	.byte	1                               @ DW_AT_decl_file
	.short	867                             @ DW_AT_decl_line
	.byte	8                               @ Abbrev [8] 0x6e2:0xd DW_TAG_member
	.long	.Linfo_string153                @ DW_AT_name
	.long	1114                            @ DW_AT_type
	.byte	1                               @ DW_AT_decl_file
	.short	869                             @ DW_AT_decl_line
	.byte	0                               @ DW_AT_data_member_location
	.byte	8                               @ Abbrev [8] 0x6ef:0xd DW_TAG_member
	.long	.Linfo_string154                @ DW_AT_name
	.long	1114                            @ DW_AT_type
	.byte	1                               @ DW_AT_decl_file
	.short	870                             @ DW_AT_decl_line
	.byte	4                               @ DW_AT_data_member_location
	.byte	8                               @ Abbrev [8] 0x6fc:0xd DW_TAG_member
	.long	.Linfo_string177                @ DW_AT_name
	.long	1114                            @ DW_AT_type
	.byte	1                               @ DW_AT_decl_file
	.short	871                             @ DW_AT_decl_line
	.byte	8                               @ DW_AT_data_member_location
	.byte	8                               @ Abbrev [8] 0x709:0xd DW_TAG_member
	.long	.Linfo_string178                @ DW_AT_name
	.long	1114                            @ DW_AT_type
	.byte	1                               @ DW_AT_decl_file
	.short	872                             @ DW_AT_decl_line
	.byte	12                              @ DW_AT_data_member_location
	.byte	8                               @ Abbrev [8] 0x716:0xd DW_TAG_member
	.long	.Linfo_string152                @ DW_AT_name
	.long	1114                            @ DW_AT_type
	.byte	1                               @ DW_AT_decl_file
	.short	873                             @ DW_AT_decl_line
	.byte	16                              @ DW_AT_data_member_location
	.byte	8                               @ Abbrev [8] 0x723:0xd DW_TAG_member
	.long	.Linfo_string179                @ DW_AT_name
	.long	1114                            @ DW_AT_type
	.byte	1                               @ DW_AT_decl_file
	.short	874                             @ DW_AT_decl_line
	.byte	20                              @ DW_AT_data_member_location
	.byte	8                               @ Abbrev [8] 0x730:0xd DW_TAG_member
	.long	.Linfo_string180                @ DW_AT_name
	.long	1114                            @ DW_AT_type
	.byte	1                               @ DW_AT_decl_file
	.short	875                             @ DW_AT_decl_line
	.byte	24                              @ DW_AT_data_member_location
	.byte	8                               @ Abbrev [8] 0x73d:0xd DW_TAG_member
	.long	.Linfo_string181                @ DW_AT_name
	.long	1114                            @ DW_AT_type
	.byte	1                               @ DW_AT_decl_file
	.short	876                             @ DW_AT_decl_line
	.byte	28                              @ DW_AT_data_member_location
	.byte	8                               @ Abbrev [8] 0x74a:0xd DW_TAG_member
	.long	.Linfo_string182                @ DW_AT_name
	.long	1114                            @ DW_AT_type
	.byte	1                               @ DW_AT_decl_file
	.short	877                             @ DW_AT_decl_line
	.byte	32                              @ DW_AT_data_member_location
	.byte	8                               @ Abbrev [8] 0x757:0xd DW_TAG_member
	.long	.Linfo_string183                @ DW_AT_name
	.long	1114                            @ DW_AT_type
	.byte	1                               @ DW_AT_decl_file
	.short	878                             @ DW_AT_decl_line
	.byte	36                              @ DW_AT_data_member_location
	.byte	8                               @ Abbrev [8] 0x764:0xd DW_TAG_member
	.long	.Linfo_string184                @ DW_AT_name
	.long	1114                            @ DW_AT_type
	.byte	1                               @ DW_AT_decl_file
	.short	879                             @ DW_AT_decl_line
	.byte	40                              @ DW_AT_data_member_location
	.byte	8                               @ Abbrev [8] 0x771:0xd DW_TAG_member
	.long	.Linfo_string185                @ DW_AT_name
	.long	1114                            @ DW_AT_type
	.byte	1                               @ DW_AT_decl_file
	.short	880                             @ DW_AT_decl_line
	.byte	44                              @ DW_AT_data_member_location
	.byte	8                               @ Abbrev [8] 0x77e:0xd DW_TAG_member
	.long	.Linfo_string186                @ DW_AT_name
	.long	1114                            @ DW_AT_type
	.byte	1                               @ DW_AT_decl_file
	.short	881                             @ DW_AT_decl_line
	.byte	48                              @ DW_AT_data_member_location
	.byte	8                               @ Abbrev [8] 0x78b:0xd DW_TAG_member
	.long	.Linfo_string187                @ DW_AT_name
	.long	1114                            @ DW_AT_type
	.byte	1                               @ DW_AT_decl_file
	.short	882                             @ DW_AT_decl_line
	.byte	52                              @ DW_AT_data_member_location
	.byte	8                               @ Abbrev [8] 0x798:0xd DW_TAG_member
	.long	.Linfo_string188                @ DW_AT_name
	.long	1114                            @ DW_AT_type
	.byte	1                               @ DW_AT_decl_file
	.short	883                             @ DW_AT_decl_line
	.byte	56                              @ DW_AT_data_member_location
	.byte	8                               @ Abbrev [8] 0x7a5:0xd DW_TAG_member
	.long	.Linfo_string189                @ DW_AT_name
	.long	1114                            @ DW_AT_type
	.byte	1                               @ DW_AT_decl_file
	.short	884                             @ DW_AT_decl_line
	.byte	60                              @ DW_AT_data_member_location
	.byte	8                               @ Abbrev [8] 0x7b2:0xd DW_TAG_member
	.long	.Linfo_string190                @ DW_AT_name
	.long	1114                            @ DW_AT_type
	.byte	1                               @ DW_AT_decl_file
	.short	885                             @ DW_AT_decl_line
	.byte	64                              @ DW_AT_data_member_location
	.byte	8                               @ Abbrev [8] 0x7bf:0xd DW_TAG_member
	.long	.Linfo_string191                @ DW_AT_name
	.long	1114                            @ DW_AT_type
	.byte	1                               @ DW_AT_decl_file
	.short	886                             @ DW_AT_decl_line
	.byte	68                              @ DW_AT_data_member_location
	.byte	8                               @ Abbrev [8] 0x7cc:0xd DW_TAG_member
	.long	.Linfo_string192                @ DW_AT_name
	.long	1114                            @ DW_AT_type
	.byte	1                               @ DW_AT_decl_file
	.short	887                             @ DW_AT_decl_line
	.byte	72                              @ DW_AT_data_member_location
	.byte	8                               @ Abbrev [8] 0x7d9:0xd DW_TAG_member
	.long	.Linfo_string193                @ DW_AT_name
	.long	1114                            @ DW_AT_type
	.byte	1                               @ DW_AT_decl_file
	.short	888                             @ DW_AT_decl_line
	.byte	76                              @ DW_AT_data_member_location
	.byte	8                               @ Abbrev [8] 0x7e6:0xd DW_TAG_member
	.long	.Linfo_string194                @ DW_AT_name
	.long	1114                            @ DW_AT_type
	.byte	1                               @ DW_AT_decl_file
	.short	889                             @ DW_AT_decl_line
	.byte	80                              @ DW_AT_data_member_location
	.byte	0                               @ End Of Children Mark
	.byte	4                               @ Abbrev [4] 0x7f4:0x7 DW_TAG_base_type
	.long	.Linfo_string196                @ DW_AT_name
	.byte	4                               @ DW_AT_encoding
	.byte	4                               @ DW_AT_byte_size
	.byte	10                              @ Abbrev [10] 0x7fb:0xb DW_TAG_typedef
	.long	668                             @ DW_AT_type
	.long	.Linfo_string197                @ DW_AT_name
	.byte	2                               @ DW_AT_decl_file
	.byte	58                              @ DW_AT_decl_line
	.byte	10                              @ Abbrev [10] 0x806:0xb DW_TAG_typedef
	.long	2065                            @ DW_AT_type
	.long	.Linfo_string199                @ DW_AT_name
	.byte	2                               @ DW_AT_decl_file
	.byte	62                              @ DW_AT_decl_line
	.byte	4                               @ Abbrev [4] 0x811:0x7 DW_TAG_base_type
	.long	.Linfo_string198                @ DW_AT_name
	.byte	8                               @ DW_AT_encoding
	.byte	1                               @ DW_AT_byte_size
	.byte	5                               @ Abbrev [5] 0x818:0x5 DW_TAG_pointer_type
	.long	2077                            @ DW_AT_type
	.byte	6                               @ Abbrev [6] 0x81d:0xc DW_TAG_typedef
	.long	2089                            @ DW_AT_type
	.long	.Linfo_string207                @ DW_AT_name
	.byte	3                               @ DW_AT_decl_file
	.short	426                             @ DW_AT_decl_line
	.byte	16                              @ Abbrev [16] 0x829:0xb9 DW_TAG_structure_type
	.short	3588                            @ DW_AT_byte_size
	.byte	3                               @ DW_AT_decl_file
	.short	411                             @ DW_AT_decl_line
	.byte	8                               @ Abbrev [8] 0x82f:0xd DW_TAG_member
	.long	.Linfo_string200                @ DW_AT_name
	.long	2274                            @ DW_AT_type
	.byte	3                               @ DW_AT_decl_file
	.short	413                             @ DW_AT_decl_line
	.byte	0                               @ DW_AT_data_member_location
	.byte	8                               @ Abbrev [8] 0x83c:0xd DW_TAG_member
	.long	.Linfo_string112                @ DW_AT_name
	.long	2286                            @ DW_AT_type
	.byte	3                               @ DW_AT_decl_file
	.short	414                             @ DW_AT_decl_line
	.byte	32                              @ DW_AT_data_member_location
	.byte	8                               @ Abbrev [8] 0x849:0xd DW_TAG_member
	.long	.Linfo_string201                @ DW_AT_name
	.long	2274                            @ DW_AT_type
	.byte	3                               @ DW_AT_decl_file
	.short	415                             @ DW_AT_decl_line
	.byte	128                             @ DW_AT_data_member_location
	.byte	8                               @ Abbrev [8] 0x856:0xd DW_TAG_member
	.long	.Linfo_string115                @ DW_AT_name
	.long	2286                            @ DW_AT_type
	.byte	3                               @ DW_AT_decl_file
	.short	416                             @ DW_AT_decl_line
	.byte	160                             @ DW_AT_data_member_location
	.byte	17                              @ Abbrev [17] 0x863:0xe DW_TAG_member
	.long	.Linfo_string202                @ DW_AT_name
	.long	2274                            @ DW_AT_type
	.byte	3                               @ DW_AT_decl_file
	.short	417                             @ DW_AT_decl_line
	.short	256                             @ DW_AT_data_member_location
	.byte	17                              @ Abbrev [17] 0x871:0xe DW_TAG_member
	.long	.Linfo_string120                @ DW_AT_name
	.long	2286                            @ DW_AT_type
	.byte	3                               @ DW_AT_decl_file
	.short	418                             @ DW_AT_decl_line
	.short	288                             @ DW_AT_data_member_location
	.byte	17                              @ Abbrev [17] 0x87f:0xe DW_TAG_member
	.long	.Linfo_string203                @ DW_AT_name
	.long	2274                            @ DW_AT_type
	.byte	3                               @ DW_AT_decl_file
	.short	419                             @ DW_AT_decl_line
	.short	384                             @ DW_AT_data_member_location
	.byte	17                              @ Abbrev [17] 0x88d:0xe DW_TAG_member
	.long	.Linfo_string123                @ DW_AT_name
	.long	2286                            @ DW_AT_type
	.byte	3                               @ DW_AT_decl_file
	.short	420                             @ DW_AT_decl_line
	.short	416                             @ DW_AT_data_member_location
	.byte	17                              @ Abbrev [17] 0x89b:0xe DW_TAG_member
	.long	.Linfo_string204                @ DW_AT_name
	.long	2274                            @ DW_AT_type
	.byte	3                               @ DW_AT_decl_file
	.short	421                             @ DW_AT_decl_line
	.short	512                             @ DW_AT_data_member_location
	.byte	17                              @ Abbrev [17] 0x8a9:0xe DW_TAG_member
	.long	.Linfo_string127                @ DW_AT_name
	.long	2298                            @ DW_AT_type
	.byte	3                               @ DW_AT_decl_file
	.short	422                             @ DW_AT_decl_line
	.short	544                             @ DW_AT_data_member_location
	.byte	17                              @ Abbrev [17] 0x8b7:0xe DW_TAG_member
	.long	.Linfo_string205                @ DW_AT_name
	.long	2310                            @ DW_AT_type
	.byte	3                               @ DW_AT_decl_file
	.short	423                             @ DW_AT_decl_line
	.short	768                             @ DW_AT_data_member_location
	.byte	17                              @ Abbrev [17] 0x8c5:0xe DW_TAG_member
	.long	.Linfo_string130                @ DW_AT_name
	.long	2327                            @ DW_AT_type
	.byte	3                               @ DW_AT_decl_file
	.short	424                             @ DW_AT_decl_line
	.short	1008                            @ DW_AT_data_member_location
	.byte	17                              @ Abbrev [17] 0x8d3:0xe DW_TAG_member
	.long	.Linfo_string206                @ DW_AT_name
	.long	1114                            @ DW_AT_type
	.byte	3                               @ DW_AT_decl_file
	.short	425                             @ DW_AT_decl_line
	.short	3584                            @ DW_AT_data_member_location
	.byte	0                               @ End Of Children Mark
	.byte	11                              @ Abbrev [11] 0x8e2:0xc DW_TAG_array_type
	.long	1114                            @ DW_AT_type
	.byte	12                              @ Abbrev [12] 0x8e7:0x6 DW_TAG_subrange_type
	.long	1149                            @ DW_AT_type
	.byte	8                               @ DW_AT_count
	.byte	0                               @ End Of Children Mark
	.byte	11                              @ Abbrev [11] 0x8ee:0xc DW_TAG_array_type
	.long	1119                            @ DW_AT_type
	.byte	12                              @ Abbrev [12] 0x8f3:0x6 DW_TAG_subrange_type
	.long	1149                            @ DW_AT_type
	.byte	24                              @ DW_AT_count
	.byte	0                               @ End Of Children Mark
	.byte	11                              @ Abbrev [11] 0x8fa:0xc DW_TAG_array_type
	.long	1119                            @ DW_AT_type
	.byte	12                              @ Abbrev [12] 0x8ff:0x6 DW_TAG_subrange_type
	.long	1149                            @ DW_AT_type
	.byte	56                              @ DW_AT_count
	.byte	0                               @ End Of Children Mark
	.byte	11                              @ Abbrev [11] 0x906:0xc DW_TAG_array_type
	.long	2322                            @ DW_AT_type
	.byte	12                              @ Abbrev [12] 0x90b:0x6 DW_TAG_subrange_type
	.long	1149                            @ DW_AT_type
	.byte	240                             @ DW_AT_count
	.byte	0                               @ End Of Children Mark
	.byte	9                               @ Abbrev [9] 0x912:0x5 DW_TAG_volatile_type
	.long	2054                            @ DW_AT_type
	.byte	11                              @ Abbrev [11] 0x917:0xd DW_TAG_array_type
	.long	1119                            @ DW_AT_type
	.byte	18                              @ Abbrev [18] 0x91c:0x7 DW_TAG_subrange_type
	.long	1149                            @ DW_AT_type
	.short	644                             @ DW_AT_count
	.byte	0                               @ End Of Children Mark
	.byte	5                               @ Abbrev [5] 0x924:0x5 DW_TAG_pointer_type
	.long	2345                            @ DW_AT_type
	.byte	6                               @ Abbrev [6] 0x929:0xc DW_TAG_typedef
	.long	2357                            @ DW_AT_type
	.long	.Linfo_string227                @ DW_AT_name
	.byte	3                               @ DW_AT_decl_file
	.short	468                             @ DW_AT_decl_line
	.byte	7                               @ Abbrev [7] 0x935:0x117 DW_TAG_structure_type
	.byte	140                             @ DW_AT_byte_size
	.byte	3                               @ DW_AT_decl_file
	.short	445                             @ DW_AT_decl_line
	.byte	8                               @ Abbrev [8] 0x93a:0xd DW_TAG_member
	.long	.Linfo_string208                @ DW_AT_name
	.long	2636                            @ DW_AT_type
	.byte	3                               @ DW_AT_decl_file
	.short	447                             @ DW_AT_decl_line
	.byte	0                               @ DW_AT_data_member_location
	.byte	8                               @ Abbrev [8] 0x947:0xd DW_TAG_member
	.long	.Linfo_string209                @ DW_AT_name
	.long	1114                            @ DW_AT_type
	.byte	3                               @ DW_AT_decl_file
	.short	448                             @ DW_AT_decl_line
	.byte	4                               @ DW_AT_data_member_location
	.byte	8                               @ Abbrev [8] 0x954:0xd DW_TAG_member
	.long	.Linfo_string210                @ DW_AT_name
	.long	1114                            @ DW_AT_type
	.byte	3                               @ DW_AT_decl_file
	.short	449                             @ DW_AT_decl_line
	.byte	8                               @ DW_AT_data_member_location
	.byte	8                               @ Abbrev [8] 0x961:0xd DW_TAG_member
	.long	.Linfo_string211                @ DW_AT_name
	.long	1114                            @ DW_AT_type
	.byte	3                               @ DW_AT_decl_file
	.short	450                             @ DW_AT_decl_line
	.byte	12                              @ DW_AT_data_member_location
	.byte	8                               @ Abbrev [8] 0x96e:0xd DW_TAG_member
	.long	.Linfo_string212                @ DW_AT_name
	.long	1114                            @ DW_AT_type
	.byte	3                               @ DW_AT_decl_file
	.short	451                             @ DW_AT_decl_line
	.byte	16                              @ DW_AT_data_member_location
	.byte	8                               @ Abbrev [8] 0x97b:0xd DW_TAG_member
	.long	.Linfo_string149                @ DW_AT_name
	.long	1114                            @ DW_AT_type
	.byte	3                               @ DW_AT_decl_file
	.short	452                             @ DW_AT_decl_line
	.byte	20                              @ DW_AT_data_member_location
	.byte	8                               @ Abbrev [8] 0x988:0xd DW_TAG_member
	.long	.Linfo_string213                @ DW_AT_name
	.long	2641                            @ DW_AT_type
	.byte	3                               @ DW_AT_decl_file
	.short	453                             @ DW_AT_decl_line
	.byte	24                              @ DW_AT_data_member_location
	.byte	8                               @ Abbrev [8] 0x995:0xd DW_TAG_member
	.long	.Linfo_string214                @ DW_AT_name
	.long	1114                            @ DW_AT_type
	.byte	3                               @ DW_AT_decl_file
	.short	454                             @ DW_AT_decl_line
	.byte	36                              @ DW_AT_data_member_location
	.byte	8                               @ Abbrev [8] 0x9a2:0xd DW_TAG_member
	.long	.Linfo_string215                @ DW_AT_name
	.long	1114                            @ DW_AT_type
	.byte	3                               @ DW_AT_decl_file
	.short	455                             @ DW_AT_decl_line
	.byte	40                              @ DW_AT_data_member_location
	.byte	8                               @ Abbrev [8] 0x9af:0xd DW_TAG_member
	.long	.Linfo_string216                @ DW_AT_name
	.long	1114                            @ DW_AT_type
	.byte	3                               @ DW_AT_decl_file
	.short	456                             @ DW_AT_decl_line
	.byte	44                              @ DW_AT_data_member_location
	.byte	8                               @ Abbrev [8] 0x9bc:0xd DW_TAG_member
	.long	.Linfo_string217                @ DW_AT_name
	.long	1114                            @ DW_AT_type
	.byte	3                               @ DW_AT_decl_file
	.short	457                             @ DW_AT_decl_line
	.byte	48                              @ DW_AT_data_member_location
	.byte	8                               @ Abbrev [8] 0x9c9:0xd DW_TAG_member
	.long	.Linfo_string218                @ DW_AT_name
	.long	1114                            @ DW_AT_type
	.byte	3                               @ DW_AT_decl_file
	.short	458                             @ DW_AT_decl_line
	.byte	52                              @ DW_AT_data_member_location
	.byte	8                               @ Abbrev [8] 0x9d6:0xd DW_TAG_member
	.long	.Linfo_string219                @ DW_AT_name
	.long	1114                            @ DW_AT_type
	.byte	3                               @ DW_AT_decl_file
	.short	459                             @ DW_AT_decl_line
	.byte	56                              @ DW_AT_data_member_location
	.byte	8                               @ Abbrev [8] 0x9e3:0xd DW_TAG_member
	.long	.Linfo_string220                @ DW_AT_name
	.long	1114                            @ DW_AT_type
	.byte	3                               @ DW_AT_decl_file
	.short	460                             @ DW_AT_decl_line
	.byte	60                              @ DW_AT_data_member_location
	.byte	8                               @ Abbrev [8] 0x9f0:0xd DW_TAG_member
	.long	.Linfo_string221                @ DW_AT_name
	.long	2653                            @ DW_AT_type
	.byte	3                               @ DW_AT_decl_file
	.short	461                             @ DW_AT_decl_line
	.byte	64                              @ DW_AT_data_member_location
	.byte	8                               @ Abbrev [8] 0x9fd:0xd DW_TAG_member
	.long	.Linfo_string222                @ DW_AT_name
	.long	2636                            @ DW_AT_type
	.byte	3                               @ DW_AT_decl_file
	.short	462                             @ DW_AT_decl_line
	.byte	72                              @ DW_AT_data_member_location
	.byte	8                               @ Abbrev [8] 0xa0a:0xd DW_TAG_member
	.long	.Linfo_string223                @ DW_AT_name
	.long	2636                            @ DW_AT_type
	.byte	3                               @ DW_AT_decl_file
	.short	463                             @ DW_AT_decl_line
	.byte	76                              @ DW_AT_data_member_location
	.byte	8                               @ Abbrev [8] 0xa17:0xd DW_TAG_member
	.long	.Linfo_string224                @ DW_AT_name
	.long	2665                            @ DW_AT_type
	.byte	3                               @ DW_AT_decl_file
	.short	464                             @ DW_AT_decl_line
	.byte	80                              @ DW_AT_data_member_location
	.byte	8                               @ Abbrev [8] 0xa24:0xd DW_TAG_member
	.long	.Linfo_string225                @ DW_AT_name
	.long	2677                            @ DW_AT_type
	.byte	3                               @ DW_AT_decl_file
	.short	465                             @ DW_AT_decl_line
	.byte	96                              @ DW_AT_data_member_location
	.byte	8                               @ Abbrev [8] 0xa31:0xd DW_TAG_member
	.long	.Linfo_string112                @ DW_AT_name
	.long	2689                            @ DW_AT_type
	.byte	3                               @ DW_AT_decl_file
	.short	466                             @ DW_AT_decl_line
	.byte	116                             @ DW_AT_data_member_location
	.byte	8                               @ Abbrev [8] 0xa3e:0xd DW_TAG_member
	.long	.Linfo_string226                @ DW_AT_name
	.long	1114                            @ DW_AT_type
	.byte	3                               @ DW_AT_decl_file
	.short	467                             @ DW_AT_decl_line
	.byte	136                             @ DW_AT_data_member_location
	.byte	0                               @ End Of Children Mark
	.byte	19                              @ Abbrev [19] 0xa4c:0x5 DW_TAG_const_type
	.long	1114                            @ DW_AT_type
	.byte	11                              @ Abbrev [11] 0xa51:0xc DW_TAG_array_type
	.long	2322                            @ DW_AT_type
	.byte	12                              @ Abbrev [12] 0xa56:0x6 DW_TAG_subrange_type
	.long	1149                            @ DW_AT_type
	.byte	12                              @ DW_AT_count
	.byte	0                               @ End Of Children Mark
	.byte	11                              @ Abbrev [11] 0xa5d:0xc DW_TAG_array_type
	.long	2636                            @ DW_AT_type
	.byte	12                              @ Abbrev [12] 0xa62:0x6 DW_TAG_subrange_type
	.long	1149                            @ DW_AT_type
	.byte	2                               @ DW_AT_count
	.byte	0                               @ End Of Children Mark
	.byte	11                              @ Abbrev [11] 0xa69:0xc DW_TAG_array_type
	.long	2636                            @ DW_AT_type
	.byte	12                              @ Abbrev [12] 0xa6e:0x6 DW_TAG_subrange_type
	.long	1149                            @ DW_AT_type
	.byte	4                               @ DW_AT_count
	.byte	0                               @ End Of Children Mark
	.byte	11                              @ Abbrev [11] 0xa75:0xc DW_TAG_array_type
	.long	2636                            @ DW_AT_type
	.byte	12                              @ Abbrev [12] 0xa7a:0x6 DW_TAG_subrange_type
	.long	1149                            @ DW_AT_type
	.byte	5                               @ DW_AT_count
	.byte	0                               @ End Of Children Mark
	.byte	11                              @ Abbrev [11] 0xa81:0xc DW_TAG_array_type
	.long	1119                            @ DW_AT_type
	.byte	12                              @ Abbrev [12] 0xa86:0x6 DW_TAG_subrange_type
	.long	1149                            @ DW_AT_type
	.byte	5                               @ DW_AT_count
	.byte	0                               @ End Of Children Mark
	.byte	20                              @ Abbrev [20] 0xa8d:0x11 DW_TAG_subprogram
	.long	.Lfunc_begin0                   @ DW_AT_low_pc
	.long	.Lfunc_end0-.Lfunc_begin0       @ DW_AT_high_pc
	.byte	1                               @ DW_AT_frame_base
	.byte	93
	.long	.Linfo_string230                @ DW_AT_name
	.byte	4                               @ DW_AT_decl_file
	.byte	22                              @ DW_AT_decl_line
                                        @ DW_AT_external
	.byte	20                              @ Abbrev [20] 0xa9e:0x11 DW_TAG_subprogram
	.long	.Lfunc_begin1                   @ DW_AT_low_pc
	.long	.Lfunc_end1-.Lfunc_begin1       @ DW_AT_high_pc
	.byte	1                               @ DW_AT_frame_base
	.byte	93
	.long	.Linfo_string231                @ DW_AT_name
	.byte	4                               @ DW_AT_decl_file
	.byte	60                              @ DW_AT_decl_line
                                        @ DW_AT_external
	.byte	20                              @ Abbrev [20] 0xaaf:0x11 DW_TAG_subprogram
	.long	.Lfunc_begin2                   @ DW_AT_low_pc
	.long	.Lfunc_end2-.Lfunc_begin2       @ DW_AT_high_pc
	.byte	1                               @ DW_AT_frame_base
	.byte	93
	.long	.Linfo_string232                @ DW_AT_name
	.byte	4                               @ DW_AT_decl_file
	.byte	105                             @ DW_AT_decl_line
                                        @ DW_AT_external
	.byte	20                              @ Abbrev [20] 0xac0:0x11 DW_TAG_subprogram
	.long	.Lfunc_begin3                   @ DW_AT_low_pc
	.long	.Lfunc_end3-.Lfunc_begin3       @ DW_AT_high_pc
	.byte	1                               @ DW_AT_frame_base
	.byte	93
	.long	.Linfo_string233                @ DW_AT_name
	.byte	4                               @ DW_AT_decl_file
	.byte	142                             @ DW_AT_decl_line
                                        @ DW_AT_external
	.byte	20                              @ Abbrev [20] 0xad1:0x11 DW_TAG_subprogram
	.long	.Lfunc_begin4                   @ DW_AT_low_pc
	.long	.Lfunc_end4-.Lfunc_begin4       @ DW_AT_high_pc
	.byte	1                               @ DW_AT_frame_base
	.byte	93
	.long	.Linfo_string234                @ DW_AT_name
	.byte	4                               @ DW_AT_decl_file
	.byte	171                             @ DW_AT_decl_line
                                        @ DW_AT_external
	.byte	20                              @ Abbrev [20] 0xae2:0x11 DW_TAG_subprogram
	.long	.Lfunc_begin5                   @ DW_AT_low_pc
	.long	.Lfunc_end5-.Lfunc_begin5       @ DW_AT_high_pc
	.byte	1                               @ DW_AT_frame_base
	.byte	93
	.long	.Linfo_string235                @ DW_AT_name
	.byte	4                               @ DW_AT_decl_file
	.byte	214                             @ DW_AT_decl_line
                                        @ DW_AT_external
	.byte	21                              @ Abbrev [21] 0xaf3:0x9 DW_TAG_subprogram
	.long	.Linfo_string228                @ DW_AT_name
	.byte	6                               @ DW_AT_decl_file
	.short	750                             @ DW_AT_decl_line
                                        @ DW_AT_prototyped
	.byte	1                               @ DW_AT_inline
	.byte	21                              @ Abbrev [21] 0xafc:0x9 DW_TAG_subprogram
	.long	.Linfo_string229                @ DW_AT_name
	.byte	6                               @ DW_AT_decl_file
	.short	737                             @ DW_AT_decl_line
                                        @ DW_AT_prototyped
	.byte	1                               @ DW_AT_inline
	.byte	22                              @ Abbrev [22] 0xb05:0x36 DW_TAG_subprogram
	.long	.Lfunc_begin6                   @ DW_AT_low_pc
	.long	.Lfunc_end6-.Lfunc_begin6       @ DW_AT_high_pc
	.byte	1                               @ DW_AT_frame_base
	.byte	93
	.long	.Linfo_string236                @ DW_AT_name
	.byte	5                               @ DW_AT_decl_file
	.byte	23                              @ DW_AT_decl_line
                                        @ DW_AT_prototyped
	.long	668                             @ DW_AT_type
                                        @ DW_AT_external
	.byte	23                              @ Abbrev [23] 0xb1a:0x10 DW_TAG_inlined_subroutine
	.long	2803                            @ DW_AT_abstract_origin
	.long	.Ltmp13                         @ DW_AT_low_pc
	.long	.Ltmp14-.Ltmp13                 @ DW_AT_high_pc
	.byte	5                               @ DW_AT_call_file
	.byte	35                              @ DW_AT_call_line
	.byte	2                               @ DW_AT_call_column
	.byte	23                              @ Abbrev [23] 0xb2a:0x10 DW_TAG_inlined_subroutine
	.long	2812                            @ DW_AT_abstract_origin
	.long	.Ltmp15                         @ DW_AT_low_pc
	.long	.Ltmp16-.Ltmp15                 @ DW_AT_high_pc
	.byte	5                               @ DW_AT_call_file
	.byte	39                              @ DW_AT_call_line
	.byte	2                               @ DW_AT_call_column
	.byte	0                               @ End Of Children Mark
	.byte	24                              @ Abbrev [24] 0xb3b:0x31 DW_TAG_subprogram
	.long	.Lfunc_begin7                   @ DW_AT_low_pc
	.long	.Lfunc_end7-.Lfunc_begin7       @ DW_AT_high_pc
	.byte	1                               @ DW_AT_frame_base
	.byte	93
	.long	.Linfo_string237                @ DW_AT_name
	.byte	3                               @ DW_AT_decl_file
	.short	1814                            @ DW_AT_decl_line
                                        @ DW_AT_prototyped
	.byte	25                              @ Abbrev [25] 0xb4d:0xf DW_TAG_formal_parameter
	.byte	2                               @ DW_AT_location
	.byte	145
	.byte	4
	.long	.Linfo_string244                @ DW_AT_name
	.byte	3                               @ DW_AT_decl_file
	.short	1814                            @ DW_AT_decl_line
	.long	3065                            @ DW_AT_type
	.byte	25                              @ Abbrev [25] 0xb5c:0xf DW_TAG_formal_parameter
	.byte	2                               @ DW_AT_location
	.byte	145
	.byte	0
	.long	.Linfo_string246                @ DW_AT_name
	.byte	3                               @ DW_AT_decl_file
	.short	1814                            @ DW_AT_decl_line
	.long	1119                            @ DW_AT_type
	.byte	0                               @ End Of Children Mark
	.byte	24                              @ Abbrev [24] 0xb6c:0x22 DW_TAG_subprogram
	.long	.Lfunc_begin8                   @ DW_AT_low_pc
	.long	.Lfunc_end8-.Lfunc_begin8       @ DW_AT_high_pc
	.byte	1                               @ DW_AT_frame_base
	.byte	93
	.long	.Linfo_string238                @ DW_AT_name
	.byte	3                               @ DW_AT_decl_file
	.short	1684                            @ DW_AT_decl_line
                                        @ DW_AT_prototyped
	.byte	25                              @ Abbrev [25] 0xb7e:0xf DW_TAG_formal_parameter
	.byte	2                               @ DW_AT_location
	.byte	145
	.byte	0
	.long	.Linfo_string244                @ DW_AT_name
	.byte	3                               @ DW_AT_decl_file
	.short	1684                            @ DW_AT_decl_line
	.long	3065                            @ DW_AT_type
	.byte	0                               @ End Of Children Mark
	.byte	20                              @ Abbrev [20] 0xb8e:0x11 DW_TAG_subprogram
	.long	.Lfunc_begin9                   @ DW_AT_low_pc
	.long	.Lfunc_end9-.Lfunc_begin9       @ DW_AT_high_pc
	.byte	1                               @ DW_AT_frame_base
	.byte	93
	.long	.Linfo_string239                @ DW_AT_name
	.byte	5                               @ DW_AT_decl_file
	.byte	50                              @ DW_AT_decl_line
                                        @ DW_AT_external
	.byte	26                              @ Abbrev [26] 0xb9f:0x24 DW_TAG_subprogram
	.long	.Lfunc_begin10                  @ DW_AT_low_pc
	.long	.Lfunc_end10-.Lfunc_begin10     @ DW_AT_high_pc
	.byte	1                               @ DW_AT_frame_base
	.byte	93
	.long	.Linfo_string240                @ DW_AT_name
	.byte	5                               @ DW_AT_decl_file
	.byte	60                              @ DW_AT_decl_line
	.long	3047                            @ DW_AT_type
                                        @ DW_AT_external
	.byte	27                              @ Abbrev [27] 0xbb4:0xe DW_TAG_variable
	.byte	2                               @ DW_AT_location
	.byte	145
	.byte	2
	.long	.Linfo_string247                @ DW_AT_name
	.byte	5                               @ DW_AT_decl_file
	.byte	62                              @ DW_AT_decl_line
	.long	3047                            @ DW_AT_type
	.byte	0                               @ End Of Children Mark
	.byte	22                              @ Abbrev [22] 0xbc3:0x24 DW_TAG_subprogram
	.long	.Lfunc_begin11                  @ DW_AT_low_pc
	.long	.Lfunc_end11-.Lfunc_begin11     @ DW_AT_high_pc
	.byte	1                               @ DW_AT_frame_base
	.byte	93
	.long	.Linfo_string243                @ DW_AT_name
	.byte	5                               @ DW_AT_decl_file
	.byte	76                              @ DW_AT_decl_line
                                        @ DW_AT_prototyped
	.long	2036                            @ DW_AT_type
                                        @ DW_AT_external
	.byte	28                              @ Abbrev [28] 0xbd8:0xe DW_TAG_formal_parameter
	.byte	2                               @ DW_AT_location
	.byte	145
	.byte	6
	.long	.Linfo_string248                @ DW_AT_name
	.byte	5                               @ DW_AT_decl_file
	.byte	76                              @ DW_AT_decl_line
	.long	3047                            @ DW_AT_type
	.byte	0                               @ End Of Children Mark
	.byte	10                              @ Abbrev [10] 0xbe7:0xb DW_TAG_typedef
	.long	3058                            @ DW_AT_type
	.long	.Linfo_string242                @ DW_AT_name
	.byte	2                               @ DW_AT_decl_file
	.byte	63                              @ DW_AT_decl_line
	.byte	4                               @ Abbrev [4] 0xbf2:0x7 DW_TAG_base_type
	.long	.Linfo_string241                @ DW_AT_name
	.byte	7                               @ DW_AT_encoding
	.byte	2                               @ DW_AT_byte_size
	.byte	10                              @ Abbrev [10] 0xbf9:0xb DW_TAG_typedef
	.long	38                              @ DW_AT_type
	.long	.Linfo_string245                @ DW_AT_name
	.byte	1                               @ DW_AT_decl_file
	.byte	188                             @ DW_AT_decl_line
	.byte	0                               @ End Of Children Mark
.Ldebug_info_end0:
	.section	.debug_str,"MS",%progbits,1
.Linfo_string0:
	.asciz	"Component: Arm Compiler for Embedded 6.24 Tool: armclang [5f371800]" @ string offset=0
.Linfo_string1:
	.asciz	"src\\main.c"                   @ string offset=68
.Linfo_string2:
	.asciz	"C:\\Users\\justi\\OneDrive\\Desktop\\Uni\\2026 Sem 1\\EEET2096\\Project\\EEET2096-Home-Management-System" @ string offset=79
.Linfo_string3:
	.asciz	"int"                           @ string offset=175
.Linfo_string4:
	.asciz	"NonMaskableInt_IRQn"           @ string offset=179
.Linfo_string5:
	.asciz	"MemoryManagement_IRQn"         @ string offset=199
.Linfo_string6:
	.asciz	"BusFault_IRQn"                 @ string offset=221
.Linfo_string7:
	.asciz	"UsageFault_IRQn"               @ string offset=235
.Linfo_string8:
	.asciz	"SVCall_IRQn"                   @ string offset=251
.Linfo_string9:
	.asciz	"DebugMonitor_IRQn"             @ string offset=263
.Linfo_string10:
	.asciz	"PendSV_IRQn"                   @ string offset=281
.Linfo_string11:
	.asciz	"SysTick_IRQn"                  @ string offset=293
.Linfo_string12:
	.asciz	"WWDG_IRQn"                     @ string offset=306
.Linfo_string13:
	.asciz	"PVD_IRQn"                      @ string offset=316
.Linfo_string14:
	.asciz	"TAMP_STAMP_IRQn"               @ string offset=325
.Linfo_string15:
	.asciz	"RTC_WKUP_IRQn"                 @ string offset=341
.Linfo_string16:
	.asciz	"FLASH_IRQn"                    @ string offset=355
.Linfo_string17:
	.asciz	"RCC_IRQn"                      @ string offset=366
.Linfo_string18:
	.asciz	"EXTI0_IRQn"                    @ string offset=375
.Linfo_string19:
	.asciz	"EXTI1_IRQn"                    @ string offset=386
.Linfo_string20:
	.asciz	"EXTI2_IRQn"                    @ string offset=397
.Linfo_string21:
	.asciz	"EXTI3_IRQn"                    @ string offset=408
.Linfo_string22:
	.asciz	"EXTI4_IRQn"                    @ string offset=419
.Linfo_string23:
	.asciz	"DMA1_Stream0_IRQn"             @ string offset=430
.Linfo_string24:
	.asciz	"DMA1_Stream1_IRQn"             @ string offset=448
.Linfo_string25:
	.asciz	"DMA1_Stream2_IRQn"             @ string offset=466
.Linfo_string26:
	.asciz	"DMA1_Stream3_IRQn"             @ string offset=484
.Linfo_string27:
	.asciz	"DMA1_Stream4_IRQn"             @ string offset=502
.Linfo_string28:
	.asciz	"DMA1_Stream5_IRQn"             @ string offset=520
.Linfo_string29:
	.asciz	"DMA1_Stream6_IRQn"             @ string offset=538
.Linfo_string30:
	.asciz	"ADC_IRQn"                      @ string offset=556
.Linfo_string31:
	.asciz	"CAN1_TX_IRQn"                  @ string offset=565
.Linfo_string32:
	.asciz	"CAN1_RX0_IRQn"                 @ string offset=578
.Linfo_string33:
	.asciz	"CAN1_RX1_IRQn"                 @ string offset=592
.Linfo_string34:
	.asciz	"CAN1_SCE_IRQn"                 @ string offset=606
.Linfo_string35:
	.asciz	"EXTI9_5_IRQn"                  @ string offset=620
.Linfo_string36:
	.asciz	"TIM1_BRK_TIM9_IRQn"            @ string offset=633
.Linfo_string37:
	.asciz	"TIM1_UP_TIM10_IRQn"            @ string offset=652
.Linfo_string38:
	.asciz	"TIM1_TRG_COM_TIM11_IRQn"       @ string offset=671
.Linfo_string39:
	.asciz	"TIM1_CC_IRQn"                  @ string offset=695
.Linfo_string40:
	.asciz	"TIM2_IRQn"                     @ string offset=708
.Linfo_string41:
	.asciz	"TIM3_IRQn"                     @ string offset=718
.Linfo_string42:
	.asciz	"TIM4_IRQn"                     @ string offset=728
.Linfo_string43:
	.asciz	"I2C1_EV_IRQn"                  @ string offset=738
.Linfo_string44:
	.asciz	"I2C1_ER_IRQn"                  @ string offset=751
.Linfo_string45:
	.asciz	"I2C2_EV_IRQn"                  @ string offset=764
.Linfo_string46:
	.asciz	"I2C2_ER_IRQn"                  @ string offset=777
.Linfo_string47:
	.asciz	"SPI1_IRQn"                     @ string offset=790
.Linfo_string48:
	.asciz	"SPI2_IRQn"                     @ string offset=800
.Linfo_string49:
	.asciz	"USART1_IRQn"                   @ string offset=810
.Linfo_string50:
	.asciz	"USART2_IRQn"                   @ string offset=822
.Linfo_string51:
	.asciz	"USART3_IRQn"                   @ string offset=834
.Linfo_string52:
	.asciz	"EXTI15_10_IRQn"                @ string offset=846
.Linfo_string53:
	.asciz	"RTC_Alarm_IRQn"                @ string offset=861
.Linfo_string54:
	.asciz	"OTG_FS_WKUP_IRQn"              @ string offset=876
.Linfo_string55:
	.asciz	"TIM8_BRK_TIM12_IRQn"           @ string offset=893
.Linfo_string56:
	.asciz	"TIM8_UP_TIM13_IRQn"            @ string offset=913
.Linfo_string57:
	.asciz	"TIM8_TRG_COM_TIM14_IRQn"       @ string offset=932
.Linfo_string58:
	.asciz	"TIM8_CC_IRQn"                  @ string offset=956
.Linfo_string59:
	.asciz	"DMA1_Stream7_IRQn"             @ string offset=969
.Linfo_string60:
	.asciz	"FMC_IRQn"                      @ string offset=987
.Linfo_string61:
	.asciz	"SDIO_IRQn"                     @ string offset=996
.Linfo_string62:
	.asciz	"TIM5_IRQn"                     @ string offset=1006
.Linfo_string63:
	.asciz	"SPI3_IRQn"                     @ string offset=1016
.Linfo_string64:
	.asciz	"UART4_IRQn"                    @ string offset=1026
.Linfo_string65:
	.asciz	"UART5_IRQn"                    @ string offset=1037
.Linfo_string66:
	.asciz	"TIM6_DAC_IRQn"                 @ string offset=1048
.Linfo_string67:
	.asciz	"TIM7_IRQn"                     @ string offset=1062
.Linfo_string68:
	.asciz	"DMA2_Stream0_IRQn"             @ string offset=1072
.Linfo_string69:
	.asciz	"DMA2_Stream1_IRQn"             @ string offset=1090
.Linfo_string70:
	.asciz	"DMA2_Stream2_IRQn"             @ string offset=1108
.Linfo_string71:
	.asciz	"DMA2_Stream3_IRQn"             @ string offset=1126
.Linfo_string72:
	.asciz	"DMA2_Stream4_IRQn"             @ string offset=1144
.Linfo_string73:
	.asciz	"ETH_IRQn"                      @ string offset=1162
.Linfo_string74:
	.asciz	"ETH_WKUP_IRQn"                 @ string offset=1171
.Linfo_string75:
	.asciz	"CAN2_TX_IRQn"                  @ string offset=1185
.Linfo_string76:
	.asciz	"CAN2_RX0_IRQn"                 @ string offset=1198
.Linfo_string77:
	.asciz	"CAN2_RX1_IRQn"                 @ string offset=1212
.Linfo_string78:
	.asciz	"CAN2_SCE_IRQn"                 @ string offset=1226
.Linfo_string79:
	.asciz	"OTG_FS_IRQn"                   @ string offset=1240
.Linfo_string80:
	.asciz	"DMA2_Stream5_IRQn"             @ string offset=1252
.Linfo_string81:
	.asciz	"DMA2_Stream6_IRQn"             @ string offset=1270
.Linfo_string82:
	.asciz	"DMA2_Stream7_IRQn"             @ string offset=1288
.Linfo_string83:
	.asciz	"USART6_IRQn"                   @ string offset=1306
.Linfo_string84:
	.asciz	"I2C3_EV_IRQn"                  @ string offset=1318
.Linfo_string85:
	.asciz	"I2C3_ER_IRQn"                  @ string offset=1331
.Linfo_string86:
	.asciz	"OTG_HS_EP1_OUT_IRQn"           @ string offset=1344
.Linfo_string87:
	.asciz	"OTG_HS_EP1_IN_IRQn"            @ string offset=1364
.Linfo_string88:
	.asciz	"OTG_HS_WKUP_IRQn"              @ string offset=1383
.Linfo_string89:
	.asciz	"OTG_HS_IRQn"                   @ string offset=1400
.Linfo_string90:
	.asciz	"DCMI_IRQn"                     @ string offset=1412
.Linfo_string91:
	.asciz	"CRYP_IRQn"                     @ string offset=1422
.Linfo_string92:
	.asciz	"HASH_RNG_IRQn"                 @ string offset=1432
.Linfo_string93:
	.asciz	"FPU_IRQn"                      @ string offset=1446
.Linfo_string94:
	.asciz	"UART7_IRQn"                    @ string offset=1455
.Linfo_string95:
	.asciz	"UART8_IRQn"                    @ string offset=1466
.Linfo_string96:
	.asciz	"SPI4_IRQn"                     @ string offset=1477
.Linfo_string97:
	.asciz	"SPI5_IRQn"                     @ string offset=1487
.Linfo_string98:
	.asciz	"SPI6_IRQn"                     @ string offset=1497
.Linfo_string99:
	.asciz	"SAI1_IRQn"                     @ string offset=1507
.Linfo_string100:
	.asciz	"LTDC_IRQn"                     @ string offset=1517
.Linfo_string101:
	.asciz	"LTDC_ER_IRQn"                  @ string offset=1527
.Linfo_string102:
	.asciz	"DMA2D_IRQn"                    @ string offset=1540
.Linfo_string103:
	.asciz	"CR"                            @ string offset=1551
.Linfo_string104:
	.asciz	"unsigned int"                  @ string offset=1554
.Linfo_string105:
	.asciz	"uint32_t"                      @ string offset=1567
.Linfo_string106:
	.asciz	"PLLCFGR"                       @ string offset=1576
.Linfo_string107:
	.asciz	"CFGR"                          @ string offset=1584
.Linfo_string108:
	.asciz	"CIR"                           @ string offset=1589
.Linfo_string109:
	.asciz	"AHB1RSTR"                      @ string offset=1593
.Linfo_string110:
	.asciz	"AHB2RSTR"                      @ string offset=1602
.Linfo_string111:
	.asciz	"AHB3RSTR"                      @ string offset=1611
.Linfo_string112:
	.asciz	"RESERVED0"                     @ string offset=1620
.Linfo_string113:
	.asciz	"APB1RSTR"                      @ string offset=1630
.Linfo_string114:
	.asciz	"APB2RSTR"                      @ string offset=1639
.Linfo_string115:
	.asciz	"RESERVED1"                     @ string offset=1648
.Linfo_string116:
	.asciz	"__ARRAY_SIZE_TYPE__"           @ string offset=1658
.Linfo_string117:
	.asciz	"AHB1ENR"                       @ string offset=1678
.Linfo_string118:
	.asciz	"AHB2ENR"                       @ string offset=1686
.Linfo_string119:
	.asciz	"AHB3ENR"                       @ string offset=1694
.Linfo_string120:
	.asciz	"RESERVED2"                     @ string offset=1702
.Linfo_string121:
	.asciz	"APB1ENR"                       @ string offset=1712
.Linfo_string122:
	.asciz	"APB2ENR"                       @ string offset=1720
.Linfo_string123:
	.asciz	"RESERVED3"                     @ string offset=1728
.Linfo_string124:
	.asciz	"AHB1LPENR"                     @ string offset=1738
.Linfo_string125:
	.asciz	"AHB2LPENR"                     @ string offset=1748
.Linfo_string126:
	.asciz	"AHB3LPENR"                     @ string offset=1758
.Linfo_string127:
	.asciz	"RESERVED4"                     @ string offset=1768
.Linfo_string128:
	.asciz	"APB1LPENR"                     @ string offset=1778
.Linfo_string129:
	.asciz	"APB2LPENR"                     @ string offset=1788
.Linfo_string130:
	.asciz	"RESERVED5"                     @ string offset=1798
.Linfo_string131:
	.asciz	"BDCR"                          @ string offset=1808
.Linfo_string132:
	.asciz	"CSR"                           @ string offset=1813
.Linfo_string133:
	.asciz	"RESERVED6"                     @ string offset=1817
.Linfo_string134:
	.asciz	"SSCGR"                         @ string offset=1827
.Linfo_string135:
	.asciz	"PLLI2SCFGR"                    @ string offset=1833
.Linfo_string136:
	.asciz	"PLLSAICFGR"                    @ string offset=1844
.Linfo_string137:
	.asciz	"DCKCFGR"                       @ string offset=1855
.Linfo_string138:
	.asciz	"RCC_TypeDef"                   @ string offset=1863
.Linfo_string139:
	.asciz	"MODER"                         @ string offset=1875
.Linfo_string140:
	.asciz	"OTYPER"                        @ string offset=1881
.Linfo_string141:
	.asciz	"OSPEEDR"                       @ string offset=1888
.Linfo_string142:
	.asciz	"PUPDR"                         @ string offset=1896
.Linfo_string143:
	.asciz	"IDR"                           @ string offset=1902
.Linfo_string144:
	.asciz	"ODR"                           @ string offset=1906
.Linfo_string145:
	.asciz	"BSRR"                          @ string offset=1910
.Linfo_string146:
	.asciz	"LCKR"                          @ string offset=1915
.Linfo_string147:
	.asciz	"AFR"                           @ string offset=1920
.Linfo_string148:
	.asciz	"GPIO_TypeDef"                  @ string offset=1924
.Linfo_string149:
	.asciz	"CCR"                           @ string offset=1937
.Linfo_string150:
	.asciz	"CDR"                           @ string offset=1941
.Linfo_string151:
	.asciz	"ADC_Common_TypeDef"            @ string offset=1945
.Linfo_string152:
	.asciz	"SR"                            @ string offset=1964
.Linfo_string153:
	.asciz	"CR1"                           @ string offset=1967
.Linfo_string154:
	.asciz	"CR2"                           @ string offset=1971
.Linfo_string155:
	.asciz	"SMPR1"                         @ string offset=1975
.Linfo_string156:
	.asciz	"SMPR2"                         @ string offset=1981
.Linfo_string157:
	.asciz	"JOFR1"                         @ string offset=1987
.Linfo_string158:
	.asciz	"JOFR2"                         @ string offset=1993
.Linfo_string159:
	.asciz	"JOFR3"                         @ string offset=1999
.Linfo_string160:
	.asciz	"JOFR4"                         @ string offset=2005
.Linfo_string161:
	.asciz	"HTR"                           @ string offset=2011
.Linfo_string162:
	.asciz	"LTR"                           @ string offset=2015
.Linfo_string163:
	.asciz	"SQR1"                          @ string offset=2019
.Linfo_string164:
	.asciz	"SQR2"                          @ string offset=2024
.Linfo_string165:
	.asciz	"SQR3"                          @ string offset=2029
.Linfo_string166:
	.asciz	"JSQR"                          @ string offset=2034
.Linfo_string167:
	.asciz	"JDR1"                          @ string offset=2039
.Linfo_string168:
	.asciz	"JDR2"                          @ string offset=2044
.Linfo_string169:
	.asciz	"JDR3"                          @ string offset=2049
.Linfo_string170:
	.asciz	"JDR4"                          @ string offset=2054
.Linfo_string171:
	.asciz	"DR"                            @ string offset=2059
.Linfo_string172:
	.asciz	"ADC_TypeDef"                   @ string offset=2062
.Linfo_string173:
	.asciz	"BRR"                           @ string offset=2074
.Linfo_string174:
	.asciz	"CR3"                           @ string offset=2078
.Linfo_string175:
	.asciz	"GTPR"                          @ string offset=2082
.Linfo_string176:
	.asciz	"USART_TypeDef"                 @ string offset=2087
.Linfo_string177:
	.asciz	"SMCR"                          @ string offset=2101
.Linfo_string178:
	.asciz	"DIER"                          @ string offset=2106
.Linfo_string179:
	.asciz	"EGR"                           @ string offset=2111
.Linfo_string180:
	.asciz	"CCMR1"                         @ string offset=2115
.Linfo_string181:
	.asciz	"CCMR2"                         @ string offset=2121
.Linfo_string182:
	.asciz	"CCER"                          @ string offset=2127
.Linfo_string183:
	.asciz	"CNT"                           @ string offset=2132
.Linfo_string184:
	.asciz	"PSC"                           @ string offset=2136
.Linfo_string185:
	.asciz	"ARR"                           @ string offset=2140
.Linfo_string186:
	.asciz	"RCR"                           @ string offset=2144
.Linfo_string187:
	.asciz	"CCR1"                          @ string offset=2148
.Linfo_string188:
	.asciz	"CCR2"                          @ string offset=2153
.Linfo_string189:
	.asciz	"CCR3"                          @ string offset=2158
.Linfo_string190:
	.asciz	"CCR4"                          @ string offset=2163
.Linfo_string191:
	.asciz	"BDTR"                          @ string offset=2168
.Linfo_string192:
	.asciz	"DCR"                           @ string offset=2173
.Linfo_string193:
	.asciz	"DMAR"                          @ string offset=2177
.Linfo_string194:
	.asciz	"OR"                            @ string offset=2182
.Linfo_string195:
	.asciz	"TIM_TypeDef"                   @ string offset=2185
.Linfo_string196:
	.asciz	"float"                         @ string offset=2197
.Linfo_string197:
	.asciz	"int32_t"                       @ string offset=2203
.Linfo_string198:
	.asciz	"unsigned char"                 @ string offset=2211
.Linfo_string199:
	.asciz	"uint8_t"                       @ string offset=2225
.Linfo_string200:
	.asciz	"ISER"                          @ string offset=2233
.Linfo_string201:
	.asciz	"ICER"                          @ string offset=2238
.Linfo_string202:
	.asciz	"ISPR"                          @ string offset=2243
.Linfo_string203:
	.asciz	"ICPR"                          @ string offset=2248
.Linfo_string204:
	.asciz	"IABR"                          @ string offset=2253
.Linfo_string205:
	.asciz	"IP"                            @ string offset=2258
.Linfo_string206:
	.asciz	"STIR"                          @ string offset=2261
.Linfo_string207:
	.asciz	"NVIC_Type"                     @ string offset=2266
.Linfo_string208:
	.asciz	"CPUID"                         @ string offset=2276
.Linfo_string209:
	.asciz	"ICSR"                          @ string offset=2282
.Linfo_string210:
	.asciz	"VTOR"                          @ string offset=2287
.Linfo_string211:
	.asciz	"AIRCR"                         @ string offset=2292
.Linfo_string212:
	.asciz	"SCR"                           @ string offset=2298
.Linfo_string213:
	.asciz	"SHP"                           @ string offset=2302
.Linfo_string214:
	.asciz	"SHCSR"                         @ string offset=2306
.Linfo_string215:
	.asciz	"CFSR"                          @ string offset=2312
.Linfo_string216:
	.asciz	"HFSR"                          @ string offset=2317
.Linfo_string217:
	.asciz	"DFSR"                          @ string offset=2322
.Linfo_string218:
	.asciz	"MMFAR"                         @ string offset=2327
.Linfo_string219:
	.asciz	"BFAR"                          @ string offset=2333
.Linfo_string220:
	.asciz	"AFSR"                          @ string offset=2338
.Linfo_string221:
	.asciz	"PFR"                           @ string offset=2343
.Linfo_string222:
	.asciz	"DFR"                           @ string offset=2347
.Linfo_string223:
	.asciz	"ADR"                           @ string offset=2351
.Linfo_string224:
	.asciz	"MMFR"                          @ string offset=2355
.Linfo_string225:
	.asciz	"ISAR"                          @ string offset=2360
.Linfo_string226:
	.asciz	"CPACR"                         @ string offset=2365
.Linfo_string227:
	.asciz	"SCB_Type"                      @ string offset=2371
.Linfo_string228:
	.asciz	"__disable_irq"                 @ string offset=2380
.Linfo_string229:
	.asciz	"__enable_irq"                  @ string offset=2394
.Linfo_string230:
	.asciz	"RCC_init"                      @ string offset=2407
.Linfo_string231:
	.asciz	"LED_GPIO_config"               @ string offset=2416
.Linfo_string232:
	.asciz	"Input_GPIO_config"             @ string offset=2432
.Linfo_string233:
	.asciz	"ADC_config"                    @ string offset=2450
.Linfo_string234:
	.asciz	"UART_config"                   @ string offset=2461
.Linfo_string235:
	.asciz	"timer6_config"                 @ string offset=2473
.Linfo_string236:
	.asciz	"main"                          @ string offset=2487
.Linfo_string237:
	.asciz	"__NVIC_SetPriority"            @ string offset=2492
.Linfo_string238:
	.asciz	"__NVIC_EnableIRQ"              @ string offset=2511
.Linfo_string239:
	.asciz	"TIM6_DAC_IRQHandler"           @ string offset=2528
.Linfo_string240:
	.asciz	"sample_ADC"                    @ string offset=2548
.Linfo_string241:
	.asciz	"unsigned short"                @ string offset=2559
.Linfo_string242:
	.asciz	"uint16_t"                      @ string offset=2574
.Linfo_string243:
	.asciz	"adc_to_temp"                   @ string offset=2583
.Linfo_string244:
	.asciz	"IRQn"                          @ string offset=2595
.Linfo_string245:
	.asciz	"IRQn_Type"                     @ string offset=2600
.Linfo_string246:
	.asciz	"priority"                      @ string offset=2610
.Linfo_string247:
	.asciz	"current_ADC"                   @ string offset=2619
.Linfo_string248:
	.asciz	"value"                         @ string offset=2631
	.ident	"Component: Arm Compiler for Embedded 6.24 Tool: armclang [5f371800]"
	.section	".note.GNU-stack","",%progbits
	.eabi_attribute	30, 6	@ Tag_ABI_optimization_goals
	.ARM_attribute	16, 1	@ Tag_AV_eba
	.section	.debug_line,"",%progbits
.Lline_table_start0:
